book,juan,source_kind,source_file,match_type,hint_name,sentence,status,person,role_note,reviewer
三國志,第七章:张顾诸葛步传,mirror,data/raw/mirror/三國志/吴书/第七章-张顾诸葛步传.txt,含侍中,,及登卒后，为侍中，拜羽林都督，平三典军事，迁扬武将军。,待审,,,
三國志,第七章:张顾诸葛步传,mirror,data/raw/mirror/三國志/吴书/第七章-张顾诸葛步传.txt,含侍中,,后为吴郡西部都尉，与诸葛恪等共平山越，别得精兵八千人，还屯军章坑，拜昭义中郎将，入为侍中。,待审,,,
三國志,第七章:张顾诸葛步传,mirror,data/raw/mirror/三國志/吴书/第七章-张顾诸葛步传.txt,含侍中,,遣玑与弟璿诣洛阳为任，晋以阐为都督西陵诸军事、卫将军、仪同三司，加侍中，假节领交州牧，封宜都公；,待审,,,
三國志,第三章:三嗣主传,mirror,data/raw/mirror/三國志/吴书/第三章-三嗣主传.txt,含侍中,,九月丁亥，峻卒，以从弟偏将军綝为侍中、武卫将军，领中外诸军事，召还据等。,待审,,,
三國志,第三章:三嗣主传,mirror,data/raw/mirror/三國志/吴书/第三章-三嗣主传.txt,含侍中,,“戊戌，诏曰：“大将军掌中外诸军事，事统烦多，其加卫将军御史大夫恩侍中，与大将军分省诸事。,待审,,,
三國志,第三章:三嗣主传,mirror,data/raw/mirror/三國志/吴书/第三章-三嗣主传.txt,含侍中,,元兴元年八月，以上大将军施绩、大将军丁奉为左右大司马，张布为骠骑将军，加侍中，诸增位班赏，一皆如旧。,待审,,,
三國志,第二十章:王楼贺韦华传,mirror,data/raw/mirror/三國志/吴书/第二十章-王楼贺韦华传.txt,含侍中,,孙皓即位，封高陵亭候，迁中书仆射，职省，为侍中，常领左国史。,待审,,,
三國志,第二章:吴主传,mirror,data/raw/mirror/三國志/吴书/第二章-吴主传.txt,含侍中,,魏欲遣侍中辛毗、尚书桓阶往与盟誓，并徵任子，权辞让不受。,待审,,,
三國志,第二章:吴主传,mirror,data/raw/mirror/三國志/吴书/第二章-吴主传.txt,含侍中,,故先遣使者犒劳，又遣尚书、侍中践脩前言，以定任子。,待审,,,
三國志,第八章:张严程阚薛传,mirror,data/raw/mirror/三國志/吴书/第八章-张严程阚薛传.txt,含侍中,,玄子尚，孙皓时为侍郎，以言语辩捷见知，擢为侍中、中书令。,待审,,,
三國志,第八章:张严程阚薛传,mirror,data/raw/mirror/三國志/吴书/第八章-张严程阚薛传.txt,含侍中,,嘉禾中，为中书令，加侍中。,待审,,,
三國志,第十七章:是仪胡综传,mirror,data/raw/mirror/三國志/吴书/第十七章-是仪胡综传.txt,含侍中,,既定荆州，都武昌，拜裨将军，后封都亭侯，守侍中。,待审,,,
三國志,第十七章:是仪胡综传,mirror,data/raw/mirror/三國志/吴书/第十七章-是仪胡综传.txt,含侍中,,后从太子还建业，复拜侍中、中执法，平诸官事、领辞讼如旧。,待审,,,
三國志,第十七章:是仪胡综传,mirror,data/raw/mirror/三國志/吴书/第十七章-是仪胡综传.txt,含侍中,,权下都建业，详、综并为侍中，进封乡侯，兼左右领军。,待审,,,
三國志,第十七章:是仪胡综传,mirror,data/raw/mirror/三國志/吴书/第十七章-是仪胡综传.txt,含侍中,,”此文既流行，而质已入为侍中矣。,待审,,,
三國志,第十九章:诸葛滕二孙濮阳传,mirror,data/raw/mirror/三國志/吴书/第十九章-诸葛滕二孙濮阳传.txt,含侍中,孙,权疾困，召恪、弘及太常滕胤、将军吕据、侍中孙峻，属以后事。,待审,,,
三國志,第十八章:吴范刘惇赵达传,mirror,data/raw/mirror/三國志/吴书/第十八章-吴范刘惇赵达传.txt,含侍中,,少从汉侍中单甫受学，用思精密，谓东南有王者气，可以避难，故脱身渡江。,待审,,,
三國志,第十四章:吴主五子传,mirror,data/raw/mirror/三國志/吴书/第十四章-吴主五子传.txt,含侍中,,亮问侍中刁玄曰：“盗乘御马罪云何？,待审,,,
三國志,第四章:刘繇太史慈士燮传,mirror,data/raw/mirror/三國志/吴书/第四章-刘繇太史慈士燮传.txt,含侍中,,繇兄岱，字公山，历位侍中，兖州刺史。,待审,,,
三國志,第一章:刘二牧传,mirror,data/raw/mirror/三國志/蜀书/第一章-刘二牧传.txt,含侍中,,议未即行，侍中广汉董扶私谓焉曰：“京师将乱，益州分野有天子气。,待审,,,
三國志,第三章:后主传,mirror,data/raw/mirror/三國志/蜀书/第三章-后主传.txt,含侍中,张,谨遣私署侍中张绍、光禄大夫谯周、驸马都尉邓良奉赍印缓，请命告诚，敬输忠款，存亡敕赐，惟所裁之。,待审,,,
三國志,第三章:后主传,mirror,data/raw/mirror/三國志/蜀书/第三章-后主传.txt,含侍中,张,尚书令樊建、侍中张绍、光禄大夫谯周、秘书令郤正、殿中督张通并封列侯。,待审,,,
三國志,第九章:董刘马陈董吕传,mirror,data/raw/mirror/三國志/蜀书/第九章-董刘马陈董吕传.txt,含侍中,,先主称尊号，以良为侍中。,待审,,,
三國志,第九章:董刘马陈董吕传,mirror,data/raw/mirror/三國志/蜀书/第九章-董刘马陈董吕传.txt,含侍中,董,诸葛亮与长史蒋琬、侍中董允书曰：“孝起前临至吴，为吾说正方腹中有鳞甲，乡党以为不可近。,待审,,,
三國志,第九章:董刘马陈董吕传,mirror,data/raw/mirror/三國志/蜀书/第九章-董刘马陈董吕传.txt,含侍中,,上疏曰：“侍中郭攸之、费祎、侍郎董允等，先帝简拔以遗陛下，至於斟酌规益，进尽忠言，则其任也。,待审,,,
三國志,第九章:董刘马陈董吕传,mirror,data/raw/mirror/三國志/蜀书/第九章-董刘马陈董吕传.txt,含侍中,,“亮寻请祎为参军，允迁为侍中，领虎贲中郎将，统宿卫亲兵。,待审,,,
三國志,第九章:董刘马陈董吕传,mirror,data/raw/mirror/三國志/蜀书/第九章-董刘马陈董吕传.txt,含侍中,,七年，以侍中守尚书令，为大将军费祎副贰。,待审,,,
三國志,第九章:董刘马陈董吕传,mirror,data/raw/mirror/三國志/蜀书/第九章-董刘马陈董吕传.txt,含侍中,,陈祗代允为侍中，与黄皓互相表里，皓始预政事。,待审,,,
三國志,第九章:董刘马陈董吕传,mirror,data/raw/mirror/三國志/蜀书/第九章-董刘马陈董吕传.txt,含侍中,,吕乂卒，祗又以侍中守尚书令，加镇军将军，大将军姜维虽班在祗上，常率众在外，希亲朝政。,待审,,,
三國志,第二章:先主传,mirror,data/raw/mirror/三國志/蜀书/第二章-先主传.txt,含侍中,马,二月，先主自秭归率诸将进军，缘山截岭，於夷道猇亭驻营，自佷山通武陵，遣侍中马良安慰五谿蛮夷，咸相率响应。,待审,,,
三國志,第五章:诸葛亮传,mirror,data/raw/mirror/三國志/蜀书/第五章-诸葛亮传.txt,含侍中,,侍中、侍郎郭攸之、费祎、董允等，此皆良实，志虑忠纯，是以先帝简拔以遗陛下。,待审,,,
三國志,第五章:诸葛亮传,mirror,data/raw/mirror/三國志/蜀书/第五章-诸葛亮传.txt,含侍中,,侍中、尚书、长史、参军，此悉贞良死节之臣，愿陛下亲之信之，则汉室之隆，可计日而待也。,待审,,,
三國志,第五章:诸葛亮传,mirror,data/raw/mirror/三國志/蜀书/第五章-诸葛亮传.txt,含侍中,,臣寿等言：臣前在著作郎，侍中领中书监济北侯臣荀勖、中书令关内侯臣和峤奏，使臣定故蜀丞相诸葛亮故事。,待审,,,
三國志,第五章:诸葛亮传,mirror,data/raw/mirror/三國志/蜀书/第五章-诸葛亮传.txt,含侍中,,其明年为羽林中郎将，屡迁射声校尉、侍中、尚书仆射，加军师将军。,待审,,,
三國志,第五章:诸葛亮传,mirror,data/raw/mirror/三國志/蜀书/第五章-诸葛亮传.txt,含侍中,,”后为侍中，守尚书令。,待审,,,
三國志,第八章:许麋孙简伊秦传,mirror,data/raw/mirror/三國志/蜀书/第八章-许麋孙简伊秦传.txt,含侍中,刘,进用颍川荀爽、韩融、陈纪等为公、卿、郡守，拜尚书韩馥为冀州牧，侍中刘岱为兖州刺史，颍川张咨为南阳太守，陈留孔伷为豫州刺史，东郡张邈为陈留太守，而迁靖巴郡太守，不就，补御史中丞。,待审,,,
三國志,第六章:关张马黄赵传,mirror,data/raw/mirror/三國志/蜀书/第六章-关张马黄赵传.txt,含侍中,,弱冠为侍中、中监军，数岁卒。,待审,,,
三國志,第六章:关张马黄赵传,mirror,data/raw/mirror/三國志/蜀书/第六章-关张马黄赵传.txt,含侍中,,次子绍嗣，官至侍中尚书仆射。,待审,,,
三國志,第十三章:黄李吕马王张传,mirror,data/raw/mirror/三國志/蜀书/第十三章-黄李吕马王张传.txt,含侍中,,且败军之将，免死为幸，何古人之可慕也”文帝善之，拜为镇南将军，封育阳侯，加侍中，使之陪乘。,待审,,,
三國志,第十三章:黄李吕马王张传,mirror,data/raw/mirror/三國志/蜀书/第十三章-黄李吕马王张传.txt,含侍中,诸葛,侍中诸葛瞻，丞相亮之子，恪从弟也，嶷与书曰：“东主初崩，帝实幼弱，太傅受寄讬之重，亦何容易！,待审,,,
三國志,第十五章:邓张宗杨传,mirror,data/raw/mirror/三國志/蜀书/第十五章-邓张宗杨传.txt,含侍中,,迁为侍中，徙尚书。,待审,,,
三國志,第十四章:蒋琬费祎姜维传,mirror,data/raw/mirror/三國志/蜀书/第十四章-蒋琬费祎姜维传.txt,含侍中,,”还，迁为侍中。,待审,,,
三國志,第十章:刘彭廖李刘魏杨传,mirror,data/raw/mirror/三國志/蜀书/第十章-刘彭廖李刘魏杨传.txt,含侍中,,二十四年，先主为汉中王，徵立为侍中。,待审,,,
三國志,第十章:刘彭廖李刘魏杨传,mirror,data/raw/mirror/三國志/蜀书/第十章-刘彭廖李刘魏杨传.txt,含侍中,,中郎郭演长，从人者耳，不足与经大事，而作侍中。,待审,,,
三國志,第十章:刘彭廖李刘魏杨传,mirror,data/raw/mirror/三國志/蜀书/第十章-刘彭廖李刘魏杨传.txt,含侍中,董,后主以问侍中董允、留府长史蒋琬，琬、允咸保仪疑延。,待审,,,
三國志,第一章:武帝纪,mirror,data/raw/mirror/三國志/魏书/第一章-武帝纪.txt,含侍中,,十一月，初置尚书、侍中、六卿。,待审,,,
三國志,第三章:明帝纪,mirror,data/raw/mirror/三國志/魏书/第三章-明帝纪.txt,含侍中,,其高选博士，才任侍中常侍者。,待审,,,
三國志,第九章:诸夏侯曹传,mirror,data/raw/mirror/三國志/魏书/第九章-诸夏侯曹传.txt,含侍中,,楙历位侍中尚书、安西镇东将军，假节。,待审,,,
三國志,第九章:诸夏侯曹传,mirror,data/raw/mirror/三國志/魏书/第九章-诸夏侯曹传.txt,含侍中,,明帝崩，齐王即位，加爽侍中，改封武安侯，邑万二千户，赐剑履上殿，入朝不趋，赞拜不名。,待审,,,
三國志,第九章:诸夏侯曹传,mirror,data/raw/mirror/三國志/魏书/第九章-诸夏侯曹传.txt,含侍中,许,侍中许允、尚书陈泰说爽，使早自归罪。,待审,,,
三國志,第二十一章:王卫二刘傅传,mirror,data/raw/mirror/三國志/魏书/第二十一章-王卫二刘傅传.txt,含侍中,,魏国既建，拜侍中。,待审,,,
三國志,第二十一章:王卫二刘傅传,mirror,data/raw/mirror/三國志/魏书/第二十一章-王卫二刘傅传.txt,含侍中,,璩官至侍中。,待审,,,
三國志,第二十一章:王卫二刘傅传,mirror,data/raw/mirror/三國志/魏书/第二十一章-王卫二刘傅传.txt,含侍中,,魏国既建，拜侍中，与王粲并典制度。,待审,,,
三國志,第二十一章:王卫二刘傅传,mirror,data/raw/mirror/三國志/魏书/第二十一章-王卫二刘傅传.txt,含侍中,,文帝即王位，为侍中，赐爵关内侯。,待审,,,
三國志,第二十一章:王卫二刘傅传,mirror,data/raw/mirror/三國志/魏书/第二十一章-王卫二刘傅传.txt,含侍中,,伯父巽，黄初中为侍中尚书。,待审,,,
三國志,第二十三章:和常杨杜赵裴传,mirror,data/raw/mirror/三國志/魏书/第二十三章-和常杨杜赵裴传.txt,含侍中,,魏国既建，为侍中，后有白毛玠谤毁太祖，太祖见近臣，怒甚。,待审,,,
三國志,第二十三章:和常杨杜赵裴传,mirror,data/raw/mirror/三國志/魏书/第二十三章-和常杨杜赵裴传.txt,含侍中,,和侍中比求实之，所以不听，欲重参之耳。,待审,,,
三國志,第二十三章:和常杨杜赵裴传,mirror,data/raw/mirror/三國志/魏书/第二十三章-和常杨杜赵裴传.txt,含侍中,,魏国既建，为侍中，与王粲、和洽并用。,待审,,,
三國志,第二十三章:和常杨杜赵裴传,mirror,data/raw/mirror/三國志/魏书/第二十三章-和常杨杜赵裴传.txt,含侍中,,文帝即王位，为侍中。,待审,,,
三國志,第二十九章:方技传,mirror,data/raw/mirror/三國志/魏书/第二十九章-方技传.txt,含侍中,,璩六十一为侍中，直省内，欻见白狗，问之众人，悉无见者。,待审,,,
三國志,第二十二章:桓二陈徐卫卢传,mirror,data/raw/mirror/三國志/魏书/第二十二章-桓二陈徐卫卢传.txt,含侍中,,魏国初建，为虎贲中郎将侍中。,待审,,,
三國志,第二十二章:桓二陈徐卫卢传,mirror,data/raw/mirror/三國志/魏书/第二十二章-桓二陈徐卫卢传.txt,含侍中,,文帝践阼，迁尚书令，封高乡亭侯，加侍中。,待审,,,
三國志,第二十二章:桓二陈徐卫卢传,mirror,data/raw/mirror/三國志/魏书/第二十二章-桓二陈徐卫卢传.txt,含侍中,,群转为侍中，领丞相东西曹掾。,待审,,,
三國志,第二十二章:桓二陈徐卫卢传,mirror,data/raw/mirror/三國志/魏书/第二十二章-桓二陈徐卫卢传.txt,含侍中,,及践阼，迁尚书仆射，加侍中，徙尚书令，进爵颖乡侯。,待审,,,
三國志,第二十二章:桓二陈徐卫卢传,mirror,data/raw/mirror/三國志/魏书/第二十二章-桓二陈徐卫卢传.txt,含侍中,,后徵泰为尚书右仆射，典选举，加侍中光禄大夫。,待审,,,
三國志,第二十二章:桓二陈徐卫卢传,mirror,data/raw/mirror/三國志/魏书/第二十二章-桓二陈徐卫卢传.txt,含侍中,,加侍中光禄大夫，迁司徒。,待审,,,
三國志,第二十二章:桓二陈徐卫卢传,mirror,data/raw/mirror/三國志/魏书/第二十二章-桓二陈徐卫卢传.txt,含侍中,,“帝遂以宣为左仆射，后加侍中光禄大夫。,待审,,,
三國志,第二十二章:桓二陈徐卫卢传,mirror,data/raw/mirror/三國志/魏书/第二十二章-桓二陈徐卫卢传.txt,含侍中,,”迁尚书，转侍中吏部尚书。,待审,,,
三國志,第二十二章:桓二陈徐卫卢传,mirror,data/raw/mirror/三國志/魏书/第二十二章-桓二陈徐卫卢传.txt,含侍中,,明帝即位，进封康乡侯，后转为右仆射，典选举，如前加侍中。,待审,,,
三國志,第二十二章:桓二陈徐卫卢传,mirror,data/raw/mirror/三國志/魏书/第二十二章-桓二陈徐卫卢传.txt,含侍中,,青龙二年，入为侍中。,待审,,,
三國志,第二十二章:桓二陈徐卫卢传,mirror,data/raw/mirror/三國志/魏书/第二十二章-桓二陈徐卫卢传.txt,含侍中,,及侍中高堂隆数以宫室事切谏，帝不悦，毓进曰：“臣闻君明则臣直，古之圣王恐不闻其过，故有敢谏之鼓。,待审,,,
三國志,第二十二章:桓二陈徐卫卢传,mirror,data/raw/mirror/三國志/魏书/第二十二章-桓二陈徐卫卢传.txt,含侍中,,侍中毓禀性贞固，心平体正，可谓明试有功，不懈于位者也。,待审,,,
三國志,第二十二章:桓二陈徐卫卢传,mirror,data/raw/mirror/三國志/魏书/第二十二章-桓二陈徐卫卢传.txt,含侍中,,时曹爽秉权，将树其党，徙毓仆射，以侍中何晏代毓。,待审,,,
三國志,第二十二章:桓二陈徐卫卢传,mirror,data/raw/mirror/三國志/魏书/第二十二章-桓二陈徐卫卢传.txt,含侍中,,毌丘俭作乱，大将军司马景王出征，毓纲纪后事，加侍中。,待审,,,
三國志,第二十五章:辛毗杨阜高堂隆传,mirror,data/raw/mirror/三國志/魏书/第二十五章-辛毗杨阜高堂隆传.txt,含侍中,,文帝践阼，迁侍中，赐爵关内侯。,待审,,,
三國志,第二十五章:辛毗杨阜高堂隆传,mirror,data/raw/mirror/三國志/魏书/第二十五章-辛毗杨阜高堂隆传.txt,含侍中,刘,文帝问侍中刘晔等：“武都太守何如人也？,待审,,,
三國志,第二十五章:辛毗杨阜高堂隆传,mirror,data/raw/mirror/三國志/魏书/第二十五章-辛毗杨阜高堂隆传.txt,含侍中,,迁侍中，犹领太史令。,待审,,,
三國志,第八章:二公孙陶四张传,mirror,data/raw/mirror/三國志/魏书/第八章-二公孙陶四张传.txt,含侍中,,虞子和为侍中，在长安。,待审,,,
三國志,第六章:董二袁刘传,mirror,data/raw/mirror/三國志/魏书/第六章-董二袁刘传.txt,含侍中,,兄子璜为侍中中军校尉典兵；,待审,,,
三國志,第六章:董二袁刘传,mirror,data/raw/mirror/三國志/魏书/第六章-董二袁刘传.txt,含侍中,马,侍中马宇与谏议大夫种邵、左中郎将刘范等谋，欲使腾袭长安，己为内应，以诛傕等。,待审,,,
三國志,第六章:董二袁刘传,mirror,data/raw/mirror/三國志/魏书/第六章-董二袁刘传.txt,含侍中,周,侍中周毖、城门校尉伍琼、议郎何颙等，皆名士也，卓信之，而阴为绍，乃说卓曰：“夫废立大事，非常人所及。,待审,,,
三國志,第六章:董二袁刘传,mirror,data/raw/mirror/三國志/魏书/第六章-董二袁刘传.txt,含侍中,,羲，侍中；,待审,,,
三國志,第十一章:袁张凉国田王邴管传,mirror,data/raw/mirror/三國志/魏书/第十一章-袁张凉国田王邴管传.txt,含侍中,孙,正始二年，太仆陶丘一、永宁卫尉孟观、侍中孙邕、中书侍郎王基荐宁曰：,待审,,,
三國志,第十七章:张乐于张徐传,mirror,data/raw/mirror/三國志/魏书/第十七章-张乐于张徐传.txt,含侍中,刘,帝遣侍中刘晔将太医视疾，虎贲问消息，道路相属。,待审,,,
三國志,第十三章:钟繇华歆王朗传,mirror,data/raw/mirror/三國志/魏书/第十三章-钟繇华歆王朗传.txt,含侍中,,拜御史中丞，迁侍中尚书仆射，并录前功封东武亭侯。,待审,,,
三國志,第十三章:钟繇华歆王朗传,mirror,data/raw/mirror/三國志/魏书/第十三章-钟繇华歆王朗传.txt,含侍中,,乃表繇以侍中守司隶校尉，持节督关中诸军，委之以后事，特使不拘科制。,待审,,,
三國志,第十三章:钟繇华歆王朗传,mirror,data/raw/mirror/三國志/魏书/第十三章-钟繇华歆王朗传.txt,含侍中,,后以失爽意，徙侍中，出为魏郡太守。,待审,,,
三國志,第十三章:钟繇华歆王朗传,mirror,data/raw/mirror/三國志/魏书/第十三章-钟繇华歆王朗传.txt,含侍中,,爽既诛，入为御史中丞、侍中廷尉。,待审,,,
三國志,第十三章:钟繇华歆王朗传,mirror,data/raw/mirror/三國志/魏书/第十三章-钟繇华歆王朗传.txt,含侍中,,歆至，拜议郎，参司空军事，入为尚书，转侍中，代荀彧为尚书令。,待审,,,
三國志,第十三章:钟繇华歆王朗传,mirror,data/raw/mirror/三國志/魏书/第十三章-钟繇华歆王朗传.txt,含侍中,,顷之，为侍中，迁太常。,待审,,,
三國志,第十二章:崔毛徐何邢鲍司马传,mirror,data/raw/mirror/三國志/魏书/第十二章-崔毛徐何邢鲍司马传.txt,含侍中,,文帝践阼，为侍中尚书仆射，赐爵关内侯，出为司隶校尉，徙太常。,待审,,,
三國志,第十二章:崔毛徐何邢鲍司马传,mirror,data/raw/mirror/三國志/魏书/第十二章-崔毛徐何邢鲍司马传.txt,含侍中,,延康元年，太祖崩，太子即王位，勋以驸马都尉兼侍中。,待审,,,
三國志,第十二章:崔毛徐何邢鲍司马传,mirror,data/raw/mirror/三國志/魏书/第十二章-崔毛徐何邢鲍司马传.txt,含侍中,刘,”侍中刘晔对曰：“猎胜於乐。,待审,,,
三國志,第十二章:崔毛徐何邢鲍司马传,mirror,data/raw/mirror/三國志/魏书/第十二章-崔毛徐何邢鲍司马传.txt,含侍中,,”太尉锺繇、司徒华歆、镇军大将军陈群、侍中辛毗、尚书卫臻、守廷尉高柔等并表”勋父信有功於太祖“，求请勋罪。,待审,,,
三國志,第十五章:刘司马梁张温贾传,mirror,data/raw/mirror/三國志/魏书/第十五章-刘司马梁张温贾传.txt,含侍中,,文帝践阼，以恢为侍中，出为魏郡太守。,待审,,,
三國志,第十六章:任苏杜郑仓传,mirror,data/raw/mirror/三國志/魏书/第十六章-任苏杜郑仓传.txt,含侍中,,徵拜侍中，与董昭同寮。,待审,,,
三國志,第十六章:任苏杜郑仓传,mirror,data/raw/mirror/三國志/魏书/第十六章-任苏杜郑仓传.txt,含侍中,傅,侍中傅巽掐则曰：“不谓卿也。,待审,,,
三國志,第十六章:任苏杜郑仓传,mirror,data/raw/mirror/三國志/魏书/第十六章-任苏杜郑仓传.txt,含侍中,於,每政有得失，常引纲维以正言，於是侍中辛毗等器重之。,待审,,,
三國志,第十六章:任苏杜郑仓传,mirror,data/raw/mirror/三國志/魏书/第十六章-任苏杜郑仓传.txt,含侍中,,使侍中、尚书坐则侍帷幄，行则从华辇，亲对诏问，所陈必达，则群臣之行，能否皆可得而知；,待审,,,
三國志,第十四章:程郭董刘蒋刘传,mirror,data/raw/mirror/三國志/魏书/第十四章-程郭董刘蒋刘传.txt,含侍中,,今外有公卿将校总统诸署，内有侍中尚书综理万机，司隶校尉督察京辇，御史中丞董摄宫殿，皆高选贤才以充其职，申明科诏以督其违。,待审,,,
三國志,第十四章:程郭董刘蒋刘传,mirror,data/raw/mirror/三國志/魏书/第十四章-程郭董刘蒋刘传.txt,含侍中,,二年，分邑百户，赐昭弟访爵关内侯，徙昭为侍中。,待审,,,
三國志,第十四章:程郭董刘蒋刘传,mirror,data/raw/mirror/三國志/魏书/第十四章-程郭董刘蒋刘传.txt,含侍中,,黄初元年，以晔为侍中，赐爵关内侯。,待审,,,
三國志,第十四章:程郭董刘蒋刘传,mirror,data/raw/mirror/三國志/魏书/第十四章-程郭董刘蒋刘传.txt,含侍中,,初，侍中高堂隆论郊祀事，以魏为舜后，推舜配天。,待审,,,
三國志,第十四章:程郭董刘蒋刘传,mirror,data/raw/mirror/三國志/魏书/第十四章-程郭董刘蒋刘传.txt,含侍中,,是岁，俱加侍中、光禄大夫。,待审,,,
三國志,第十四章:程郭董刘蒋刘传,mirror,data/raw/mirror/三國志/魏书/第十四章-程郭董刘蒋刘传.txt,含侍中,,曹爽诛后，复以资为侍中，领中书令。,待审,,,
三國志,第十四章:程郭董刘蒋刘传,mirror,data/raw/mirror/三國志/魏书/第十四章-程郭董刘蒋刘传.txt,含侍中,,资复逊位归第，就拜骠骑将军，转侍中，特进如故。,待审,,,
三國志,第十章:荀彧攸贾诩传,mirror,data/raw/mirror/三國志/魏书/第十章-荀彧攸贾诩传.txt,含侍中,,天子拜太祖大将军，进彧为汉侍中，守尚书令。,待审,,,
三國志,第十章:荀彧攸贾诩传,mirror,data/raw/mirror/三國志/魏书/第十章-荀彧攸贾诩传.txt,含侍中,,会征孙权，表请彧劳军于谯，因辄留彧，以侍中光禄大夫持节，参丞相军事。,待审,,,
三國志,第十章:荀彧攸贾诩传,mirror,data/raw/mirror/三國志/魏书/第十章-荀彧攸贾诩传.txt,含侍中,,攸与议郎郑泰、何颙、侍中种辑、越骑校尉伍琼等谋曰：“董卓无道，甚於桀纣，天下皆怨之，虽资强兵，实一匹夫耳。,待审,,,
三國志,第四章:少帝纪,mirror,data/raw/mirror/三國志/魏书/第四章-少帝纪.txt,含侍中,,正始元年春二月乙丑，加侍中中书监刘放、侍中中书令孙资为左右光禄大夫。,待审,,,
三國志,第四章:少帝纪,mirror,data/raw/mirror/三國志/魏书/第四章-少帝纪.txt,含侍中,,正元元年冬十月壬辰，遣侍中持节分適四方，观风俗，劳士民，察冤枉失职者。,待审,,,
三國志,第四章:少帝纪,mirror,data/raw/mirror/三國志/魏书/第四章-少帝纪.txt,含侍中,郑,九月庚子，讲尚书业终，赐执经亲授者司空郑冲、侍中郑小同等各有差。,待审,,,
三國志,第四章:少帝纪,mirror,data/raw/mirror/三國志/魏书/第四章-少帝纪.txt,含侍中,,侍中和逌、尚书陈骞等作诗稽留，有司奏免官，诏曰：“吾以暗昧，爱好文雅，广延诗赋，以知得失，而乃尔纷纭，良用反仄。,待审,,,
三國志,第四章:少帝纪,mirror,data/raw/mirror/三國志/魏书/第四章-少帝纪.txt,含侍中,,其以壹为侍中车骑将军、假节、交州牧、吴侯，开府辟召仪同三司，依古侯伯八命之礼，衮冕赤舄，事从丰厚。,待审,,,
三國志,第四章:少帝纪,mirror,data/raw/mirror/三國志/魏书/第四章-少帝纪.txt,含侍中,王,事已觉露，直欲因际会举兵入西宫杀吾，出取大将军，呼侍中王沈、散骑常侍王业、尚书王经，出怀中黄素诏示之，言今日便当施行。,待审,,,
史記,第三十一章:黥布列传,mirror,data/raw/mirror/史記/七十列传/第三十一章-黥布列传.txt,含侍中,,布所幸姬疾，请就医，医家与中大夫贲赫对门，姬数如医家，贲赫自以为侍中，乃厚餽遗，从姬饮医家。,待审,,,
史記,第三十三章:韩信卢绾列传,mirror,data/raw/mirror/史記/七十列传/第三十三章-韩信卢绾列传.txt,含侍中,,及高祖初起沛，卢绾以客从，入汉中为将军，常侍中。,待审,,,
史記,第二十七章:李斯列传,mirror,data/raw/mirror/史記/七十列传/第二十七章-李斯列传.txt,含侍中,,以赵高为郎中令，常侍中用事。,待审,,,
史記,第二十七章:李斯列传,mirror,data/raw/mirror/史記/七十列传/第二十七章-李斯列传.txt,含侍中,,且陛下深拱禁中，与臣及侍中习法者待事，事来有以揆之。,待审,,,
史記,第二十七章:李斯列传,mirror,data/raw/mirror/史記/七十列传/第二十七章-李斯列传.txt,含侍中,赵,赵高常侍中用事，事皆决於赵高。,待审,,,
史記,第二十七章:李斯列传,mirror,data/raw/mirror/史記/七十列传/第二十七章-李斯列传.txt,含侍中,,赵高使其客十馀辈诈为御史、谒者、侍中，更往覆讯斯。,待审,,,
史記,第五十一章:卫将军骠骑列传,mirror,data/raw/mirror/史記/七十列传/第五十一章-卫将军骠骑列传.txt,含侍中,,上闻，乃召青为建章监，侍中，及同母昆弟贵，赏赐数日间累千金。,待审,,,
史記,第五十一章:卫将军骠骑列传,mirror,data/raw/mirror/史記/七十列传/第五十一章-卫将军骠骑列传.txt,含侍中,,是岁也，大将军姊子霍去病年十八，幸，为天子侍中。,待审,,,
史記,第五十一章:卫将军骠骑列传,mirror,data/raw/mirror/史記/七十列传/第五十一章-卫将军骠骑列传.txt,含侍中,,然少而侍中，贵，不省士。,待审,,,
史記,第五十一章:卫将军骠骑列传,mirror,data/raw/mirror/史記/七十列传/第五十一章-卫将军骠骑列传.txt,含侍中,,以御见，侍中，为校尉，数从大将军。,待审,,,
史記,第五十五章:朝鲜列传,mirror,data/raw/mirror/史記/七十列传/第五十五章-朝鲜列传.txt,含侍中,,左将军素侍中，幸，将燕代卒，悍，乘胜，军多骄。,待审,,,
史記,第六十二章:酷吏列传,mirror,data/raw/mirror/史記/七十列传/第六十二章-酷吏列传.txt,含侍中,,庄助使人言买臣，买臣以楚辞与助俱幸，侍中，为太中大夫，用事；,待审,,,
史記,第六十五章:佞幸列传,mirror,data/raw/mirror/史記/七十列传/第六十五章-佞幸列传.txt,含侍中,,故孝惠时郎侍中皆冠鵕璘，贝带，傅脂粉，化闳、籍之属也。,待审,,,
史記,第六十六章:滑稽列传,mirror,data/raw/mirror/史記/七十列传/第六十六章-滑稽列传.txt,含侍中,,诏拜以为郎，常在侧侍中。,待审,,,
史記,第六十章:汲郑列传,mirror,data/raw/mirror/史記/七十列传/第六十章-汲郑列传.txt,含侍中,,大将军青侍中，上踞厕而视之。,待审,,,
史記,第四十七章:魏其武安侯列传,mirror,data/raw/mirror/史記/七十列传/第四十七章-魏其武安侯列传.txt,含侍中,,灌夫家居虽富，然失势，卿相侍中宾客益衰。,待审,,,
史記,第二十八章:梁孝王世家,mirror,data/raw/mirror/史記/三十世家/第二十八章-梁孝王世家.txt,含侍中,梁,梁之侍中、郎、谒者著籍引出入天子殿门，与汉宦官无异。,待审,,,
史記,第十九章:外戚世家,mirror,data/raw/mirror/史記/三十世家/第十九章-外戚世家.txt,含侍中,,召其兄卫长君弟青为侍中。,待审,,,
史記,第十九章:外戚世家,mirror,data/raw/mirror/史記/三十世家/第十九章-外戚世家.txt,含侍中,,四子，长子伉为侯世子，侯世子常侍中，贵幸。,待审,,,
史記,第二章:乐书,mirror,data/raw/mirror/史記/八书/第二章-乐书.txt,含侍中,李,至今上即位，作《十九章》，令侍中李延年次序其声，拜为协律都尉。,待审,,,
史記,第八章:平准书,mirror,data/raw/mirror/史記/八书/第八章-平准书.txt,含侍中,,桑弘羊以计算用事，侍中。,待审,,,
史記,第八章:平准书,mirror,data/raw/mirror/史記/八书/第八章-平准书.txt,含侍中,,弘羊，雒阳贾人子，以心计，年十三侍中。,待审,,,
史記,第六章:封禅书,mirror,data/raw/mirror/史記/八书/第六章-封禅书.txt,含侍中,,乙卯，令侍中儒者皮弁荐绅，射牛行事。,待审,,,
史記,第六章:封禅书,mirror,data/raw/mirror/史記/八书/第六章-封禅书.txt,含侍中,,礼毕，天子独与侍中奉车子侯上泰山，亦有封。,待审,,,
史記,第九章:吕太后本纪,mirror,data/raw/mirror/史記/十二本纪/第九章-吕太后本纪.txt,含侍中,,留侯子张辟彊为侍中，年十五，谓丞相曰：“太后独有孝惠，今崩，哭不悲，君知其解乎？,待审,,,
史記,第十二章:孝武本纪,mirror,data/raw/mirror/史記/十二本纪/第十二章-孝武本纪.txt,含侍中,,乙卯，令侍中儒者皮弁荐绅，射牛行事。,待审,,,
史記,第十二章:孝武本纪,mirror,data/raw/mirror/史記/十二本纪/第十二章-孝武本纪.txt,含侍中,,礼毕，天子独与侍中奉车子侯上泰山，亦有封。,待审,,,
後漢書,第一章:刘玄刘盆子列传,mirror,data/raw/mirror/後漢書/列传/第一章-刘玄刘盆子列传.txt,含侍中,,群臣欲言事，辄醉不能见，时不得已，乃令侍中坐帷内与语。,待审,,,
後漢書,第一章:刘玄刘盆子列传,mirror,data/raw/mirror/後漢書/列传/第一章-刘玄刘盆子列传.txt,含侍中,,萌私忿侍中，引下斩之，更始救请，不从。,待审,,,
後漢書,第一章:刘玄刘盆子列传,mirror,data/raw/mirror/後漢書/列传/第一章-刘玄刘盆子列传.txt,含侍中,刘,侍中刘能卿知其谋，以告之。,待审,,,
後漢書,第一章:刘玄刘盆子列传,mirror,data/raw/mirror/後漢書/列传/第一章-刘玄刘盆子列传.txt,含侍中,刘,初，侍中刘恭以赤眉立其弟盆子，自系诏狱：闻更始败，乃出，步从至高陵，止传舍。,待审,,,
後漢書,第一章:刘玄刘盆子列传,mirror,data/raw/mirror/後漢書/列传/第一章-刘玄刘盆子列传.txt,含侍中,,以明经数言事，拜侍中，从更始在长安。,待审,,,
後漢書,第七十一章:循吏列传,mirror,data/raw/mirror/後漢書/列传/第七十一章-循吏列传.txt,含侍中,,董卓入洛阳，岱从侍中出为兗州刺史。,待审,,,
後漢書,第七十三章:宦者列传,mirror,data/raw/mirror/後漢書/列传/第七十三章-宦者列传.txt,含侍中,许,伏闻中常侍曹节、王甫、张让等，及侍中许相，并为列侯。,待审,,,
後漢書,第七十九章:方术列传上,mirror,data/raw/mirror/後漢書/列传/第七十九章-方术列传上.txt,含侍中,,陈郡郤巡，学传英业，官至侍中。,待审,,,
後漢書,第七十五章:儒林列传下,mirror,data/raw/mirror/後漢書/列传/第七十五章-儒林列传下.txt,含侍中,,拜谏议大夫、侍中、右中郎将。,待审,,,
後漢書,第七十五章:儒林列传下,mirror,data/raw/mirror/後漢書/列传/第七十五章-儒林列传下.txt,含侍中,,永平初，为博士，再迁侍中。,待审,,,
後漢書,第七十五章:儒林列传下,mirror,data/raw/mirror/後漢書/列传/第七十五章-儒林列传下.txt,含侍中,,时会京师诸儒于白虎观，讲论《五经》同异，使应专掌难问，侍中淳于恭奏之，帝亲临称制，如石渠故事。,待审,,,
後漢書,第七十五章:儒林列传下,mirror,data/raw/mirror/後漢書/列传/第七十五章-儒林列传下.txt,含侍中,,太常楼望、侍中承宫、长水校尉樊EA52等皆受业于恭。,待审,,,
後漢書,第七十五章:儒林列传下,mirror,data/raw/mirror/後漢書/列传/第七十五章-儒林列传下.txt,含侍中,,二十年，拜侍中祭酒、骑都尉，与侍中刘昆俱在光武左右，每事谘访焉。,待审,,,
後漢書,第七十五章:儒林列传下,mirror,data/raw/mirror/後漢書/列传/第七十五章-儒林列传下.txt,含侍中,,十八年，以病乞身，为侍中骑都尉，卒于官。,待审,,,
後漢書,第七十五章:儒林列传下,mirror,data/raw/mirror/後漢書/列传/第七十五章-儒林列传下.txt,含侍中,,”十八年，拜侍中骑都尉。,待审,,,
後漢書,第七十五章:儒林列传下,mirror,data/raw/mirror/後漢書/列传/第七十五章-儒林列传下.txt,含侍中,,永平初，为侍中、越骑校尉，入讲省内。,待审,,,
後漢書,第七十五章:儒林列传下,mirror,data/raw/mirror/後漢書/列传/第七十五章-儒林列传下.txt,含侍中,,岁余复征，再迁侍中，卒于官。,待审,,,
後漢書,第七十五章:儒林列传下,mirror,data/raw/mirror/後漢書/列传/第七十五章-儒林列传下.txt,含侍中,,迁侍中，出为弘农太守，卒官。,待审,,,
後漢書,第七十八章:独行列传,mirror,data/raw/mirror/後漢書/列传/第七十八章-独行列传.txt,含侍中,,后拜侍中，卒官。,待审,,,
後漢書,第七十八章:独行列传,mirror,data/raw/mirror/後漢書/列传/第七十八章-独行列传.txt,含侍中,,充迁侍中。,待审,,,
後漢書,第七十八章:独行列传,mirror,data/raw/mirror/後漢書/列传/第七十八章-独行列传.txt,含侍中,,征拜侍中，每朝廷大事，侃然正色，百官惮之。,待审,,,
後漢書,第七十六章:文苑列传上,mirror,data/raw/mirror/後漢書/列传/第七十六章-文苑列传上.txt,含侍中,贾,和帝时，侍中贾逵荐尤有相如、杨雄之风，召诣东观，受诏作赋，拜兰台令史。,待审,,,
後漢書,第七十六章:文苑列传上,mirror,data/raw/mirror/後漢書/列传/第七十六章-文苑列传上.txt,含侍中,,永宁元年，太后又诏珍与B05A駼作建武已来名臣传，迁侍中、越骑校尉。,待审,,,
後漢書,第七十六章:文苑列传上,mirror,data/raw/mirror/後漢書/列传/第七十六章-文苑列传上.txt,含侍中,,顺帝时，为侍中。,待审,,,
後漢書,第七十四章:儒林列传上,mirror,data/raw/mirror/後漢書/列传/第七十四章-儒林列传上.txt,含侍中,,征拜议郎，稍迁侍中、弘农太守。,待审,,,
後漢書,第七十四章:儒林列传上,mirror,data/raw/mirror/後漢書/列传/第七十四章-儒林列传上.txt,含侍中,,永平初，迁侍中祭酒。,待审,,,
後漢書,第七十四章:儒林列传上,mirror,data/raw/mirror/後漢書/列传/第七十四章-儒林列传上.txt,含侍中,,帝善之，拜为侍中，数进见问得失。,待审,,,
後漢書,第七十四章:儒林列传上,mirror,data/raw/mirror/後漢書/列传/第七十四章-儒林列传上.txt,含侍中,,帝谓凭曰：“侍中当匡补国政，勿有隐情。,待审,,,
後漢書,第七十四章:儒林列传上,mirror,data/raw/mirror/後漢書/列传/第七十四章-儒林列传上.txt,复合官名,,”帝即敕尚书解遵禁锢，拜凭虎贲中郎将，以侍中兼领之。,待审,,,
後漢書,第七十四章:儒林列传上,mirror,data/raw/mirror/後漢書/列传/第七十四章-儒林列传上.txt,含侍中,,故京师为之语曰：“解经不穷戴侍中。,待审,,,
後漢書,第七十四章:儒林列传上,mirror,data/raw/mirror/後漢書/列传/第七十四章-儒林列传上.txt,含侍中,,顺帝以登明识礼乐，使持节临太学，奏定曲律，转拜侍中。,待审,,,
後漢書,第七十四章:儒林列传上,mirror,data/raw/mirror/後漢書/列传/第七十四章-儒林列传上.txt,含侍中,,擢拜侍中，典领秘书近署，甚见纳异。,待审,,,
後漢書,第七十四章:儒林列传上,mirror,data/raw/mirror/後漢書/列传/第七十四章-儒林列传上.txt,含侍中,,服阕，征拜侍中。,待审,,,
後漢書,第七章:冯岑贾列传,mirror,data/raw/mirror/後漢書/列传/第七章-冯岑贾列传.txt,含侍中,,少为侍中、虎贲中郎将，朝廷多称其能。,待审,,,
後漢書,第七章:冯岑贾列传,mirror,data/raw/mirror/後漢書/列传/第七章-冯岑贾列传.txt,含侍中,,时邓太后临朝，光宠最盛，以建为侍中，顺帝时为光禄勋。,待审,,,
後漢書,第三十一章:刘赵淳于江刘周赵列传,mirror,data/raw/mirror/後漢書/列传/第三十一章-刘赵淳于江刘周赵列传.txt,含侍中,,建光中，公车特征，至，拜侍中。,待审,,,
後漢書,第三十一章:刘赵淳于江刘周赵列传,mirror,data/raw/mirror/後漢書/列传/第三十一章-刘赵淳于江刘周赵列传.txt,含侍中,,平再迁侍中，永平三年，拜宗正，数荐达名士承宫、郇恁等。,待审,,,
後漢書,第三十一章:刘赵淳于江刘周赵列传,mirror,data/raw/mirror/後漢書/列传/第三十一章-刘赵淳于江刘周赵列传.txt,含侍中,,永平中，辟太尉府，显宗素闻其行，诏拜谏议大夫，迁侍中，又迁长乐卫尉。,待审,,,
後漢書,第三十一章:刘赵淳于江刘周赵列传,mirror,data/raw/mirror/後漢書/列传/第三十一章-刘赵淳于江刘周赵列传.txt,含侍中,,引见极日，访以政事，迁侍中骑都尉，礼待甚优。,待审,,,
後漢書,第三十一章:刘赵淳于江刘周赵列传,mirror,data/raw/mirror/後漢書/列传/第三十一章-刘赵淳于江刘周赵列传.txt,含侍中,窦,于是京师贵戚卫尉马廖、侍中窦宪慕其行，各奉书致礼，革无所报受。,待审,,,
後漢書,第三十一章:刘赵淳于江刘周赵列传,mirror,data/raw/mirror/後漢書/列传/第三十一章-刘赵淳于江刘周赵列传.txt,含侍中,贾,积十余岁，至永元十年，有司复奏之，侍中贾逵因上书曰：“孔子称‘能以礼让为国，于从政乎何有’。,待审,,,
後漢書,第三十一章:刘赵淳于江刘周赵列传,mirror,data/raw/mirror/後漢書/列传/第三十一章-刘赵淳于江刘周赵列传.txt,含侍中,,”乃征恺，拜为郎，稍迁侍中。,待审,,,
後漢書,第三十一章:刘赵淳于江刘周赵列传,mirror,data/raw/mirror/後漢書/列传/第三十一章-刘赵淳于江刘周赵列传.txt,含侍中,,复拜侍中，迁长水校尉。,待审,,,
後漢書,第三十九章:郭陈列传,mirror,data/raw/mirror/後漢書/列传/第三十九章-郭陈列传.txt,含侍中,,郭氏自弘后，数世皆传法律，子孙至公者一人，廷尉七人，侯者三人，刺史、二千石、侍中、中郎将者二十余人，侍御史、正、监、平者甚众。,待审,,,
後漢書,第三十九章:郭陈列传,mirror,data/raw/mirror/後漢書/列传/第三十九章-郭陈列传.txt,含侍中,窦,皇后弟侍中窦宪，荐真定令张林为尚书，帝以问宠，宠对“林虽有才能，而素行贪浊”，宪以此深恨宠。,待审,,,
後漢書,第三十九章:郭陈列传,mirror,data/raw/mirror/後漢書/列传/第三十九章-郭陈列传.txt,含侍中,,书御，有诏拜有道高第士沛国施延为侍中，延后位至太尉。,待审,,,
後漢書,第三十八章:袁张韩周列传,mirror,data/raw/mirror/後漢書/列传/第三十八章-袁张韩周列传.txt,含侍中,,初拜郎中，稍迁侍中，出为蜀郡太守。,待审,,,
後漢書,第三十八章:袁张韩周列传,mirror,data/raw/mirror/後漢書/列传/第三十八章-袁张韩周列传.txt,含侍中,,和帝时，历位将军、大夫、侍中，出为东郡太守，征拜太仆、光禄勋。,待审,,,
後漢書,第三十八章:袁张韩周列传,mirror,data/raw/mirror/後漢書/列传/第三十八章-袁张韩周列传.txt,含侍中,,及肃宗即位，擢D825为侍中、虎贲中郎将。,待审,,,
後漢書,第三十八章:袁张韩周列传,mirror,data/raw/mirror/後漢書/列传/第三十八章-袁张韩周列传.txt,含侍中,窦,和帝即位，侍中窦宪使人刺杀齐殇王子都乡侯暢于上东门，有司畏宪，咸委疑于暢兄弟。,待审,,,
後漢書,第三十六章:朱乐何列传,mirror,data/raw/mirror/後漢書/列传/第三十六章-朱乐何列传.txt,含侍中,,后穆因进见，口复陈曰：“臣闻汉家旧典，置侍中、中常侍各一人，省尚书事，黄门侍郎一人，传发书奏，皆用姓族。,待审,,,
後漢書,第三十六章:朱乐何列传,mirror,data/raw/mirror/後漢書/列传/第三十六章-朱乐何列传.txt,含侍中,窦,时齐殇王子都乡侯暢奔吊国忧，上书未报，侍中窦宪遂令人刺杀暢于城门屯卫之中，而主名不立。,待审,,,
後漢書,第九章:耿弇列传,mirror,data/raw/mirror/後漢書/列传/第九章-耿弇列传.txt,含侍中,,延光中，尚安帝妹濮阳长公主，位至侍中。,待审,,,
後漢書,第九章:耿弇列传,mirror,data/raw/mirror/後漢書/列传/第九章-耿弇列传.txt,含侍中,,宝弟子承袭公主爵为林虑侯，位至侍中。,待审,,,
後漢書,第九章:耿弇列传,mirror,data/raw/mirror/後漢書/列传/第九章-耿弇列传.txt,含侍中,,大贵人数为耿氏请，阳嘉三年，顺帝遂绍封宝子箕牟平侯，为侍中。,待审,,,
後漢書,第二十一章:苏竟杨厚列传上,mirror,data/raw/mirror/後漢書/列传/第二十一章-苏竟杨厚列传上.txt,含侍中,,拜侍中，数月，以病免。,待审,,,
後漢書,第二十一章:苏竟杨厚列传上,mirror,data/raw/mirror/後漢書/列传/第二十一章-苏竟杨厚列传上.txt,含侍中,,时统为侍中，厚随在京师。,待审,,,
後漢書,第二十一章:苏竟杨厚列传上,mirror,data/raw/mirror/後漢書/列传/第二十一章-苏竟杨厚列传上.txt,含侍中,,及至，拜议郎，三迁为侍中，特蒙引见，访以时政。,待审,,,
後漢書,第二十一章:苏竟杨厚列传上,mirror,data/raw/mirror/後漢書/列传/第二十一章-苏竟杨厚列传上.txt,含侍中,,时大将军梁冀威权倾朝，遣弟侍中不疑以车马、珍玩致遗于厚，欲与相见。,待审,,,
後漢書,第二十七章:张曹郑列传,mirror,data/raw/mirror/後漢書/列传/第二十七章-张曹郑列传.txt,含侍中,,父放，为成帝侍中。,待审,,,
後漢書,第二十七章:张曹郑列传,mirror,data/raw/mirror/後漢書/列传/第二十七章-张曹郑列传.txt,含侍中,,纯少袭爵士，哀、平间为侍中，王莽时至列卿。,待审,,,
後漢書,第二十七章:张曹郑列传,mirror,data/raw/mirror/後漢書/列传/第二十七章-张曹郑列传.txt,含侍中,,”拜充侍中。,待审,,,
後漢書,第二十七章:张曹郑列传,mirror,data/raw/mirror/後漢書/列传/第二十七章-张曹郑列传.txt,含侍中,,拜褒侍中，从驾南巡，既还，以事下三公，未及奏，诏召玄武司马班固，问改定礼制之宜。,待审,,,
後漢書,第二十七章:张曹郑列传,mirror,data/raw/mirror/後漢書/列传/第二十七章-张曹郑列传.txt,含侍中,,有顷征，再迁，复为侍中。,待审,,,
後漢書,第二十七章:张曹郑列传,mirror,data/raw/mirror/後漢書/列传/第二十七章-张曹郑列传.txt,含侍中,,后将军袁隗表为侍中，以父丧不行。,待审,,,
後漢書,第二十三章:郭杜孔张廉王苏羊贾陆,mirror,data/raw/mirror/後漢書/列传/第二十三章-郭杜孔张廉王苏羊贾陆.txt,含侍中,,曾祖霸，元帝时为侍中。,待审,,,
後漢書,第二十九章:桓荣丁鸿列传,mirror,data/raw/mirror/後漢書/列传/第二十九章-桓荣丁鸿列传.txt,含侍中,,帝以郁先师子，有礼让，甚见亲厚，常居中论经书，问以政事，稍迁侍中。,待审,,,
後漢書,第二十九章:桓荣丁鸿列传,mirror,data/raw/mirror/後漢書/列传/第二十九章-桓荣丁鸿列传.txt,含侍中,,帝自制《五家要说章句》，令郁校定于宣明殿，以侍中监虎贲中郎将。,待审,,,
後漢書,第二十九章:桓荣丁鸿列传,mirror,data/raw/mirror/後漢書/列传/第二十九章-桓荣丁鸿列传.txt,含侍中,,肃宗即位，郁以母忧乞身，诏听以侍中行服。,待审,,,
後漢書,第二十九章:桓荣丁鸿列传,mirror,data/raw/mirror/後漢書/列传/第二十九章-桓荣丁鸿列传.txt,含侍中,窦,和帝即位，富于春秋，侍中窦宪自以外戚之重，欲令少主颇涉经学，上疏皇太后曰：,待审,,,
後漢書,第二十九章:桓荣丁鸿列传,mirror,data/raw/mirror/後漢書/列传/第二十九章-桓荣丁鸿列传.txt,含侍中,,顷之，转为侍中奉车都尉。,待审,,,
後漢書,第二十九章:桓荣丁鸿列传,mirror,data/raw/mirror/後漢書/列传/第二十九章-桓荣丁鸿列传.txt,含侍中,,永初元年，入授安帝，三迁为侍中步兵校尉。,待审,,,
後漢書,第二十九章:桓荣丁鸿列传,mirror,data/raw/mirror/後漢書/列传/第二十九章-桓荣丁鸿列传.txt,含侍中,,顷之，拜侍中。,待审,,,
後漢書,第二十九章:桓荣丁鸿列传,mirror,data/raw/mirror/後漢書/列传/第二十九章-桓荣丁鸿列传.txt,含侍中,,肃宗诏鸿与广平王羡及诸儒楼望、成封、桓郁、贾逵等，论定《五经》同异于北宫白虎观，使五官中郎将魏应主承制问难，侍中淳于恭奏上，帝亲称制临决。,待审,,,
後漢書,第二十五章:朱冯虞郑周列传,mirror,data/raw/mirror/後漢書/列传/第二十五章-朱冯虞郑周列传.txt,含侍中,,尚显宗女获嘉长公主，少为侍中，以恭肃谦约称，位至将作大匠。,待审,,,
後漢書,第二十五章:朱冯虞郑周列传,mirror,data/raw/mirror/後漢書/列传/第二十五章-朱冯虞郑周列传.txt,含侍中,,定弟石，袭母公主封获嘉侯，亦为侍中，稍迁卫尉。,待审,,,
後漢書,第二十五章:朱冯虞郑周列传,mirror,data/raw/mirror/後漢書/列传/第二十五章-朱冯虞郑周列传.txt,含侍中,,出为平原相，征拜侍中。,待审,,,
後漢書,第二十五章:朱冯虞郑周列传,mirror,data/raw/mirror/後漢書/列传/第二十五章-朱冯虞郑周列传.txt,含侍中,窦,在位四年，奏尚书张林阿附侍中窦宪，而素行臧秽，又上洛阳令杨光，宪之宾客，在官贪残，并不宜处位。,待审,,,
後漢書,第二十八章:郑范陈贾张列传,mirror,data/raw/mirror/後漢書/列传/第二十八章-郑范陈贾张列传.txt,含侍中,刘,建平中，侍中刘歆欲立《左氏》，不先暴论大义，而轻移太常，恃其义长，诋挫诸儒，诸儒内怀不服，相与排之。,待审,,,
後漢書,第二十八章:郑范陈贾张列传,mirror,data/raw/mirror/後漢書/列传/第二十八章-郑范陈贾张列传.txt,含侍中,,八年，复为侍中，领骑都尉。,待审,,,
後漢書,第二十八章:郑范陈贾张列传,mirror,data/raw/mirror/後漢書/列传/第二十八章-郑范陈贾张列传.txt,含侍中,,位至侍中，以老病乞身，帝赐以大夫禄，归乡里。,待审,,,
後漢書,第二十八章:郑范陈贾张列传,mirror,data/raw/mirror/後漢書/列传/第二十八章-郑范陈贾张列传.txt,含侍中,,后征，四迁为侍中。,待审,,,
後漢書,第二十六章:梁统列传,mirror,data/raw/mirror/後漢書/列传/第二十六章-梁统列传.txt,含侍中,,棠卒，子安国嗣，延光中为侍中，有罪免官，诸梁为郎吏者皆坐免。,待审,,,
後漢書,第二十六章:梁统列传,mirror,data/raw/mirror/後漢書/列传/第二十六章-梁统列传.txt,含侍中,,三年，顺帝选商女及妹入掖庭，迁侍中、屯骑校尉。,待审,,,
後漢書,第二十六章:梁统列传,mirror,data/raw/mirror/後漢書/列传/第二十六章-梁统列传.txt,含侍中,,初为黄门侍郎，转侍中、虎贲中郎将，越骑、步兵校尉，执金吾。,待审,,,
後漢書,第二十六章:梁统列传,mirror,data/raw/mirror/後漢書/列传/第二十六章-梁统列传.txt,含侍中,,商薨未及葬，顺帝乃拜冀为大将军，弟侍中不疑为河南尹。,待审,,,
後漢書,第二十六章:梁统列传,mirror,data/raw/mirror/後漢書/列传/第二十六章-梁统列传.txt,含侍中,,冒名而为侍中、卿、校尉、郡守、长吏者十余人，皆贪叨凶淫，各遣私客籍属县富人，被以它罪，闭狱掠拷，使出钱自赎，资物少者至于死徙。,待审,,,
後漢書,第二十四章:樊宏阴识列传,mirror,data/raw/mirror/後漢書/列传/第二十四章-樊宏阴识列传.txt,含侍中,,服阕，就侍中丁恭受《公羊严氏春秋》。,待审,,,
後漢書,第二十四章:樊宏阴识列传,mirror,data/raw/mirror/後漢書/列传/第二十四章-樊宏阴识列传.txt,含侍中,,迁侍中，以母忧辞归。,待审,,,
後漢書,第二十四章:樊宏阴识列传,mirror,data/raw/mirror/後漢書/列传/第二十四章-樊宏阴识列传.txt,含侍中,,九年，迁侍中，赐爵关内侯。,待审,,,
後漢書,第二十四章:樊宏阴识列传,mirror,data/raw/mirror/後漢書/列传/第二十四章-樊宏阴识列传.txt,含侍中,,明年夏，帝风眩疾甚，后以兴领侍中，受顾命于云台广室。,待审,,,
後漢書,第二十四章:樊宏阴识列传,mirror,data/raw/mirror/後漢書/列传/第二十四章-樊宏阴识列传.txt,含侍中,,永平元年诏曰：“故侍中卫尉关内侯兴，典领禁兵，从平天下，当以军功显受封爵，又诸舅比例，应蒙恩泽，兴皆固让，安乎里巷。,待审,,,
後漢書,第二十章:申屠刚鲍永郅恽列传,mirror,data/raw/mirror/後漢書/列传/第二十章-申屠刚鲍永郅恽列传.txt,含侍中,,时，有矫称侍中止传舍者，兴欲谒之。,待审,,,
後漢書,第二章:王刘张李彭卢列传,mirror,data/raw/mirror/後漢書/列传/第二章-王刘张李彭卢列传.txt,含侍中,,及躬败，萌乃归降，光武即位，以为侍中。,待审,,,
後漢書,第五十七章:李杜列传,mirror,data/raw/mirror/後漢書/列传/第五十七章-李杜列传.txt,含侍中,,宜令步兵校尉冀及诸侍中还居黄门之官，使权去外戚，政归国家，岂不休乎！,待审,,,
後漢書,第五十七章:李杜列传,mirror,data/raw/mirror/後漢書/列传/第五十七章-李杜列传.txt,含侍中,,又诏书所以禁侍中尚书中臣子弟不得为吏察孝廉者，以其秉戚权，容请托故也。,待审,,,
後漢書,第五十七章:李杜列传,mirror,data/raw/mirror/後漢書/列传/第五十七章-李杜列传.txt,含侍中,,一日朝会，见诸侍中并皆年少，无一宿儒大人可顾问者，诚可叹息。,待审,,,
後漢書,第五十七章:李杜列传,mirror,data/raw/mirror/後漢書/列传/第五十七章-李杜列传.txt,含侍中,,侍中杜乔，学深行直，当世良臣，久托疾病，可敕令起。,待审,,,
後漢書,第五十七章:李杜列传,mirror,data/raw/mirror/後漢書/列传/第五十七章-李杜列传.txt,含侍中,,稍迁为南郡太守，转东海相，入拜侍中。,待审,,,
後漢書,第五十九章:皇甫张段列传,mirror,data/raw/mirror/後漢書/列传/第五十九章-皇甫张段列传.txt,含侍中,,军至，拜侍中，转执金吾河南尹。,待审,,,
後漢書,第五十二章:张衡列传,mirror,data/raw/mirror/後漢書/列传/第五十二章-张衡列传.txt,含侍中,贾,往者侍中贾逵摘谶互异三十余事，诸言谶者皆不能说。,待审,,,
後漢書,第五十二章:张衡列传,mirror,data/raw/mirror/後漢書/列传/第五十二章-张衡列传.txt,含侍中,,后迁侍中，帝引在帷幄，讽议左右。,待审,,,
後漢書,第五十二章:张衡列传,mirror,data/raw/mirror/後漢書/列传/第五十二章-张衡列传.txt,含侍中,,及为侍中，上疏请得专事东观，收捡遗文，毕力补缀。,待审,,,
後漢書,第五十五章:左周黄列传,mirror,data/raw/mirror/後漢書/列传/第五十五章-左周黄列传.txt,含侍中,,时，诏遣八使巡行风俗，皆选素有威名者，乃拜举为侍中，与侍中杜乔、守光禄大夫周栩、前青州刺史冯羡、尚书栾巴、侍御史张纲、兗州刺史郭遵、太尉长史刘班，并守光禄大夫，分行天下。,待审,,,
後漢書,第五十五章:左周黄列传,mirror,data/raw/mirror/後漢書/列传/第五十五章-左周黄列传.txt,含侍中,,至光和末，大尉杨赐上书荐琬有拨乱之才，由是征拜议郎，擢为青州刺史，迁侍中。,待审,,,
後漢書,第五十八章:吴延史卢赵列传,mirror,data/raw/mirror/後漢書/列传/第五十八章-吴延史卢赵列传.txt,含侍中,,稍迁侍中。,待审,,,
後漢書,第五十八章:吴延史卢赵列传,mirror,data/raw/mirror/後漢書/列传/第五十八章-吴延史卢赵列传.txt,含侍中,,帝以非急务，转为侍中，迁尚书。,待审,,,
後漢書,第五十六章:荀韩钟陈列传,mirror,data/raw/mirror/後漢書/列传/第五十六章-荀韩钟陈列传.txt,含侍中,,进恐其不至，迎荐为侍中，及进败而诏命中绝。,待审,,,
後漢書,第五十六章:荀韩钟陈列传,mirror,data/raw/mirror/後漢書/列传/第五十六章-荀韩钟陈列传.txt,含侍中,,累迁秘书监、侍中。,待审,,,
後漢書,第五十六章:荀韩钟陈列传,mirror,data/raw/mirror/後漢書/列传/第五十六章-荀韩钟陈列传.txt,含侍中,,董卓入洛阳，乃使就家拜五官中郎将，不得已，到京师，迁侍中。,待审,,,
後漢書,第五十四章:蔡邕列传下,mirror,data/raw/mirror/後漢書/列传/第五十四章-蔡邕列传下.txt,含侍中,,侍中祭酒乐松、贾护，多引无行趣势之徒，并待制鸿都门下，熹陈方俗闾里小事，帝甚悦之，待以不次之位。,待审,,,
後漢書,第五十四章:蔡邕列传下,mirror,data/raw/mirror/後漢書/列传/第五十四章-蔡邕列传下.txt,含侍中,,其诸生皆敕州郡三公举用辟召，或出为刺史、太守，入为尚书、侍中，乃有封侯赐爵者，士君子皆耻与为列焉。,待审,,,
後漢書,第五十四章:蔡邕列传下,mirror,data/raw/mirror/後漢書/列传/第五十四章-蔡邕列传下.txt,含侍中,,迁巴郡太守，复留为侍中。,待审,,,
後漢書,第五十章:杜栾刘李刘谢列传,mirror,data/raw/mirror/後漢書/列传/第五十章-杜栾刘李刘谢列传.txt,含侍中,,以所举将为尚书，难与齐列，乞从冗散，拜侍中。,待审,,,
後漢書,第五十章:杜栾刘李刘谢列传,mirror,data/raw/mirror/後漢書/列传/第五十章-杜栾刘李刘谢列传.txt,含侍中,,及帝崩，大将军窦武欲大诛宦官，乃引瑜为侍中，又以侍中尹勋为尚书令，共同谋画。,待审,,,
後漢書,第五十章:杜栾刘李刘谢列传,mirror,data/raw/mirror/後漢書/列传/第五十章-杜栾刘李刘谢列传.txt,含侍中,,勋后再迁至九卿，以病免，拜为侍中。,待审,,,
後漢書,第五章:李王邓来列传,mirror,data/raw/mirror/後漢書/列传/第五章-李王邓来列传.txt,含侍中,,历字伯珍，少袭爵，以公主子，永元中为侍中，监羽林右骑。,待审,,,
後漢書,第五章:李王邓来列传,mirror,data/raw/mirror/後漢書/列传/第五章-李王邓来列传.txt,含侍中,周,明年，中常侍樊丰与大将军耿宝、侍中周广、谢惲等共谗陷太尉杨震，震遂自杀。,待审,,,
後漢書,第五章:李王邓来列传,mirror,data/raw/mirror/後漢書/列传/第五章-李王邓来列传.txt,含侍中,,历乃要结光禄勋礻殳讽，宗正刘玮，将作大匠薛皓，侍中闾丘弘、陈光、赵代、施延，太中大夫朱伥、第五颉，中散大夫曹成，谏议大夫李尤，符节令张敬，持书侍御史龚调，羽林右监孔显，城门司马徐崇，卫尉守丞乐闱，长乐、未央厩令郑安世等十余人，俱诣鸿都门证太子无过。,待审,,,
後漢書,第八十章:方术列传下,mirror,data/raw/mirror/後漢書/列传/第八十章-方术列传下.txt,含侍中,,举孝廉，稍迁太史令，侍中。,待审,,,
後漢書,第八十章:方术列传下,mirror,data/raw/mirror/後漢書/列传/第八十章-方术列传下.txt,含侍中,,稍迁侍中。,待审,,,
後漢書,第八十章:方术列传下,mirror,data/raw/mirror/後漢書/列传/第八十章-方术列传下.txt,含侍中,,灵帝时，大将军何进荐扶，征拜侍中，甚见器重。,待审,,,
後漢書,第八章:吴盖陈臧列传,mirror,data/raw/mirror/後漢書/列传/第八章-吴盖陈臧列传.txt,含侍中,,光武即位，以为侍中、骑都尉。,待审,,,
後漢書,第六十一章:党锢列传,mirror,data/raw/mirror/後漢書/列传/第六十一章-党锢列传.txt,含侍中,,又再迁侍中、虎贲中郎将。,待审,,,
後漢書,第六十一章:党锢列传,mirror,data/raw/mirror/後漢書/列传/第六十一章-党锢列传.txt,含侍中,,察孝廉，举高第，三迁侍中。,待审,,,
後漢書,第六十七章:刘虞公孙瓚陶谦列传,mirror,data/raw/mirror/後漢書/列传/第六十七章-刘虞公孙瓚陶谦列传.txt,含侍中,,时，虞子和为侍中，因此遣和潜从武关出，告虞将兵来迎。,待审,,,
後漢書,第六十三章:窦何列传,mirror,data/raw/mirror/後漢書/列传/第六十三章-窦何列传.txt,含侍中,,子机渭阳侯拜侍中；,待审,,,
後漢書,第六十三章:窦何列传,mirror,data/raw/mirror/後漢書/列传/第六十三章-窦何列传.txt,含侍中,,绍弟靖西乡侯，为侍中，监羽林左骑。,待审,,,
後漢書,第六十三章:窦何列传,mirror,data/raw/mirror/後漢書/列传/第六十三章-窦何列传.txt,含侍中,刘,武于是引同志尹勋为尚书令，刘瑜为侍中，冯述为屯骑校尉；,待审,,,
後漢書,第六十三章:窦何列传,mirror,data/raw/mirror/後漢書/列传/第六十三章-窦何列传.txt,含侍中,,光和三年，贵人立为皇后，征进入，拜侍中、将作大匠、河南尹。,待审,,,
後漢書,第六十九章:袁绍刘表列传下,mirror,data/raw/mirror/後漢書/列传/第六十九章-袁绍刘表列传下.txt,含侍中,,至许，果拜嵩侍中、零陵太守。,待审,,,
後漢書,第六十九章:袁绍刘表列传下,mirror,data/raw/mirror/後漢書/列传/第六十九章-袁绍刘表列传下.txt,含侍中,,初，表之结袁绍也，侍中从事邓义谏不听。,待审,,,
後漢書,第六十九章:袁绍刘表列传下,mirror,data/raw/mirror/後漢書/列传/第六十九章-袁绍刘表列传下.txt,含侍中,,义以疾退，终表世不仕，操以为侍中，其余多至大官。,待审,,,
後漢書,第六十五章:皇甫嵩朱俊列传,mirror,data/raw/mirror/後漢書/列传/第六十五章-皇甫嵩朱俊列传.txt,含侍中,,坚寿亦显名，后为侍中，辞不拜，病卒。,待审,,,
後漢書,第六十八章:袁绍刘表列传上,mirror,data/raw/mirror/後漢書/列传/第六十八章-袁绍刘表列传上.txt,含侍中,周,时，侍中周BC60、城门校尉伍琼为卓所信待，琼等阴为绍说卓曰：“夫废立大事，非常人所及。,待审,,,
後漢書,第六十六章:董卓列传,mirror,data/raw/mirror/後漢書/列传/第六十六章-董卓列传.txt,含侍中,,乃任吏部尚书汉阳周BC60、侍中汝南伍琼、尚书郑公业、长史何颙等。,待审,,,
後漢書,第六十六章:董卓列传,mirror,data/raw/mirror/後漢書/列传/第六十六章-董卓列传.txt,含侍中,刘,以尚书韩馥为冀州刺史，侍中刘岱为兗州刺史，陈留孔亻由为豫州刺史，颍川张咨为南阳太守。,待审,,,
後漢書,第六十六章:董卓列传,mirror,data/raw/mirror/後漢書/列传/第六十六章-董卓列传.txt,含侍中,,以弟B857为左将军，封鄠侯，兄子璜为侍中、中军校尉，皆典兵事。,待审,,,
後漢書,第六十六章:董卓列传,mirror,data/raw/mirror/後漢書/列传/第六十六章-董卓列传.txt,含侍中,马,时腾私有求于C765，不获而怒，遂与侍中马宇、右中郎将刘范、前凉州刺史种劭、中郎将杜禀合兵攻C765，连日不决。,待审,,,
後漢書,第六十六章:董卓列传,mirror,data/raw/mirror/後漢書/列传/第六十六章-董卓列传.txt,含侍中,刘,既知不实，使侍中刘艾出让有司。,待审,,,
後漢書,第六十四章:郑孔荀列传,mirror,data/raw/mirror/後漢書/列传/第六十四章-郑孔荀列传.txt,含侍中,,公业等与侍中伍琼、卓长史何颙共说卓，以袁绍为勃海太守，以发山东之谋。,待审,,,
後漢書,第六十四章:郑孔荀列传,mirror,data/raw/mirror/後漢書/列传/第六十四章-郑孔荀列传.txt,含侍中,,七世祖霸，为元帝师，位至侍中。,待审,,,
後漢書,第六十四章:郑孔荀列传,mirror,data/raw/mirror/後漢書/列传/第六十四章-郑孔荀列传.txt,含侍中,,及帝都许，以彧为侍中，守尚书令。,待审,,,
後漢書,第六十四章:郑孔荀列传,mirror,data/raw/mirror/後漢書/列传/第六十四章-郑孔荀列传.txt,含侍中,,使持节侍中守尚书令万岁亭侯彧，国之重臣，德洽华夏，既停军所次，便宜与臣俱进，宣示国命，威怀丑虏。,待审,,,
後漢書,第六十四章:郑孔荀列传,mirror,data/raw/mirror/後漢書/列传/第六十四章-郑孔荀列传.txt,含侍中,,”书奏，帝从之，遂以彧为侍中、光禄大夫，持节，参丞相军事。,待审,,,
後漢書,第六十章:陈王列传,mirror,data/raw/mirror/後漢書/列传/第六十章-陈王列传.txt,含侍中,,长子侍中盖、次子景、定及宗族十余人皆见诛害，唯兄子晨、陵得脱归乡里。,待审,,,
後漢書,第六章:邓寇列传,mirror,data/raw/mirror/後漢書/列传/第六章-邓寇列传.txt,含侍中,,元兴元年，和帝复封乾本国，拜侍中。,待审,,,
後漢書,第六章:邓寇列传,mirror,data/raw/mirror/後漢書/列传/第六章-邓寇列传.txt,含侍中,,昌安侯袭嗣子藩，亦尚显宗女平皋长公主，和帝时为侍中。,待审,,,
後漢書,第六章:邓寇列传,mirror,data/raw/mirror/後漢書/列传/第六章-邓寇列传.txt,含侍中,,及从兄骘诛，安帝征康为侍中。,待审,,,
後漢書,第六章:邓寇列传,mirror,data/raw/mirror/後漢書/列传/第六章-邓寇列传.txt,含侍中,,悝虎贲中郎将，弘、阊皆侍中。,待审,,,
後漢書,第六章:邓寇列传,mirror,data/raw/mirror/後漢書/列传/第六章-邓寇列传.txt,含侍中,,骘子侍中凤，尝与尚书郎张龛书，属郎中马融宜在台阁。,待审,,,
後漢書,第六章:邓寇列传,mirror,data/raw/mirror/後漢書/列传/第六章-邓寇列传.txt,含侍中,,邓氏自中兴后，累世宠贵，凡侯者二十九人，公二人，大将军以下十三人，中二千石十四人，列校二十二人，州牧、郡守四十八人，其余侍中、将、大夫、郎、谒者不可胜数，东京莫与为比。,待审,,,
後漢書,第六章:邓寇列传,mirror,data/raw/mirror/後漢書/列传/第六章-邓寇列传.txt,含侍中,,荣少知名，桓帝时为侍中。,待审,,,
後漢書,第十一章:任李万邳刘耿列传,mirror,data/raw/mirror/後漢書/列传/第十一章-任李万邳刘耿列传.txt,含侍中,曹,复为左曹侍中，常从征伐。,待审,,,
後漢書,第十七章:宣张二王杜郭吴承郑赵,mirror,data/raw/mirror/後漢書/列传/第十七章-宣张二王杜郭吴承郑赵.txt,含侍中,,更始即位，征为侍中。,待审,,,
後漢書,第十七章:宣张二王杜郭吴承郑赵,mirror,data/raw/mirror/後漢書/列传/第十七章-宣张二王杜郭吴承郑赵.txt,含侍中,,十七年，拜侍中祭酒。,待审,,,
後漢書,第十七章:宣张二王杜郭吴承郑赵,mirror,data/raw/mirror/後漢書/列传/第十七章-宣张二王杜郭吴承郑赵.txt,含侍中,,建和初，四府表荐，征拜议郎，侍讲禁内，再迁为侍中。,待审,,,
後漢書,第十七章:宣张二王杜郭吴承郑赵,mirror,data/raw/mirror/後漢書/列传/第十七章-宣张二王杜郭吴承郑赵.txt,含侍中,,献帝西迁都，为侍中，同舆辇至长安，封江南亭侯，代杨彪为司空，免，顷之，复为司徒，录尚书事。,待审,,,
後漢書,第十七章:宣张二王杜郭吴承郑赵,mirror,data/raw/mirror/後漢書/列传/第十七章-宣张二王杜郭吴承郑赵.txt,含侍中,,更始即位，征为侍中。,待审,,,
後漢書,第十七章:宣张二王杜郭吴承郑赵,mirror,data/raw/mirror/後漢書/列传/第十七章-宣张二王杜郭吴承郑赵.txt,含侍中,,永平十七年，拜侍中祭酒。,待审,,,
後漢書,第十七章:宣张二王杜郭吴承郑赵,mirror,data/raw/mirror/後漢書/列传/第十七章-宣张二王杜郭吴承郑赵.txt,含侍中,,建和初，四府表荐，征拜为议郎，侍讲宫中，再迁为侍中。,待审,,,
後漢書,第十三章:窦融列传,mirror,data/raw/mirror/後漢書/列传/第十三章-窦融列传.txt,含侍中,金,融小心，久不自安，数辞让爵位，因侍中金迁口达至诚。,待审,,,
後漢書,第十三章:窦融列传,mirror,data/raw/mirror/後漢書/列传/第十三章-窦融列传.txt,含侍中,,建初二年，女弟立为皇后，拜宪为郎，稍迁侍中、虎贲中郎将；,待审,,,
後漢書,第十三章:窦融列传,mirror,data/raw/mirror/後漢書/列传/第十三章-窦融列传.txt,含侍中,,和帝即位，太后临朝，宪以侍中，内干机密，出宣诰命。,待审,,,
後漢書,第十三章:窦融列传,mirror,data/raw/mirror/後漢書/列传/第十三章-窦融列传.txt,含侍中,,是时，笃为卫尉，景、瑰皆侍中、奉车、驸马都尉，四家竞修第宅，穷极工匠。,待审,,,
後漢書,第十三章:窦融列传,mirror,data/raw/mirror/後漢書/列传/第十三章-窦融列传.txt,含侍中,邓,"""宪独不受封，遂将兵出镇凉州，以侍中邓叠行征西将军事为副。",待审,,,
後漢書,第十三章:窦融列传,mirror,data/raw/mirror/後漢書/列传/第十三章-窦融列传.txt,含侍中,,叔父霸为城门校尉，霸弟褒将作大匠，褒弟嘉少府，其为侍中、将、大夫、郎吏十余人。,待审,,,
後漢書,第十二章:朱景王杜马刘傅坚马列,mirror,data/raw/mirror/後漢書/列传/第十二章-朱景王杜马刘傅坚马列.txt,含侍中,,世祖即位，以俊为侍中。,待审,,,
後漢書,第十二章:朱景王杜马刘傅坚马列,mirror,data/raw/mirror/後漢書/列传/第十二章-朱景王杜马刘傅坚马列.txt,含侍中,,世祖即位，以武为侍中、骑都尉，封山都侯。,待审,,,
後漢書,第十五章:卓鲁魏刘列传,mirror,data/raw/mirror/後漢書/列传/第十五章-卓鲁魏刘列传.txt,含侍中,,更始立，以茂为侍中祭酒，从至长安，知更始政乱，以年老乞骸骨归。,待审,,,
後漢書,第十五章:卓鲁魏刘列传,mirror,data/raw/mirror/後漢書/列传/第十五章-卓鲁魏刘列传.txt,含侍中,,会诏百官举贤良方正，恭荐中牟名士王方，帝即征方诣公车，礼之与公卿所举同，方致位侍中。,待审,,,
後漢書,第十五章:卓鲁魏刘列传,mirror,data/raw/mirror/後漢書/列传/第十五章-卓鲁魏刘列传.txt,含侍中,,迁侍中，数召宴见，问以得失，赏赐恩礼宠异焉。,待审,,,
後漢書,第十五章:卓鲁魏刘列传,mirror,data/raw/mirror/後漢書/列传/第十五章-卓鲁魏刘列传.txt,含侍中,,其夜拜侍中，敕使陪乘，劳问甚渥。,待审,,,
後漢書,第十五章:卓鲁魏刘列传,mirror,data/raw/mirror/後漢書/列传/第十五章-卓鲁魏刘列传.txt,含侍中,,时弟丕亦为侍中。,待审,,,
後漢書,第十五章:卓鲁魏刘列传,mirror,data/raw/mirror/後漢書/列传/第十五章-卓鲁魏刘列传.txt,含侍中,贾,时，侍中贾逵荐丕道艺深明，宜见任用。,待审,,,
後漢書,第十五章:卓鲁魏刘列传,mirror,data/raw/mirror/後漢書/列传/第十五章-卓鲁魏刘列传.txt,含侍中,贾,和帝因朝会，召见诸儒，丕与侍中贾逵、尚书令黄香等相难数事，帝善丕说，罢朝，特赐冠帻履袜衣一袭。,待审,,,
後漢書,第十五章:卓鲁魏刘列传,mirror,data/raw/mirror/後漢書/列传/第十五章-卓鲁魏刘列传.txt,含侍中,,十三年，迁为侍中，免。,待审,,,
後漢書,第十五章:卓鲁魏刘列传,mirror,data/raw/mirror/後漢書/列传/第十五章-卓鲁魏刘列传.txt,含侍中,,永初二年，诏公卿举儒术笃学者，大将军邓骘举丕，再迁，复为侍中、左中郎将，再为三老。,待审,,,
後漢書,第十五章:卓鲁魏刘列传,mirror,data/raw/mirror/後漢書/列传/第十五章-卓鲁魏刘列传.txt,含侍中,,迁侍中，赐衣一袭。,待审,,,
後漢書,第十八章:桓谭冯衍列传上,mirror,data/raw/mirror/後漢書/列传/第十八章-桓谭冯衍列传上.txt,含侍中,,后贤果风太医令真钦，使求傅氏罪过，遂逮后弟侍中喜，诏狱无所得，乃解，故傅氏终全于哀帝之时。,待审,,,
後漢書,第十六章:伏侯宋蔡冯赵牟韦列传,mirror,data/raw/mirror/後漢書/列传/第十六章-伏侯宋蔡冯赵牟韦列传.txt,含侍中,,卒，子无忌嗣，亦传家学，博物多识，顺帝时，为侍中屯骑校尉。,待审,,,
後漢書,第十六章:伏侯宋蔡冯赵牟韦列传,mirror,data/raw/mirror/後漢書/列传/第十六章-伏侯宋蔡冯赵牟韦列传.txt,含侍中,,弘少而温顺，哀、平间作侍中，王莽时为共工。,待审,,,
後漢書,第十六章:伏侯宋蔡冯赵牟韦列传,mirror,data/raw/mirror/後漢書/列传/第十六章-伏侯宋蔡冯赵牟韦列传.txt,含侍中,,哀、平间以儒学显，征试博士，对策陈灾异，以高等擢拜议郎，迁侍中。,待审,,,
後漢書,第十六章:伏侯宋蔡冯赵牟韦列传,mirror,data/raw/mirror/後漢書/列传/第十六章-伏侯宋蔡冯赵牟韦列传.txt,含侍中,,卯延光中为侍中，薨，子留嗣。,待审,,,
後漢書,第十四章:马援列传,mirror,data/raw/mirror/後漢書/列传/第十四章-马援列传.txt,含侍中,,永元二年，光为太仆，康为侍中。,待审,,,
後漢書,第四十一章:杨李翟应霍爰徐列传,mirror,data/raw/mirror/後漢書/列传/第四十一章-杨李翟应霍爰徐列传.txt,含侍中,,除博士，迁侍中、光禄大夫。,待审,,,
後漢書,第四十一章:杨李翟应霍爰徐列传,mirror,data/raw/mirror/後漢書/列传/第四十一章-杨李翟应霍爰徐列传.txt,含侍中,,仕郡，征拜议郎，迁侍中。,待审,,,
後漢書,第四十一章:杨李翟应霍爰徐列传,mirror,data/raw/mirror/後漢書/列传/第四十一章-杨李翟应霍爰徐列传.txt,含侍中,,桓帝时征博士，太尉杨秉等举贤良方正，再迁为侍中。,待审,,,
後漢書,第四十一章:杨李翟应霍爰徐列传,mirror,data/raw/mirror/後漢書/列传/第四十一章-杨李翟应霍爰徐列传.txt,含侍中,,”帝曰：“昔朱云廷折栏槛，今侍中面称朕违，敬闻阙矣。,待审,,,
後漢書,第四十七章:杨震列传,mirror,data/raw/mirror/後漢書/列传/第四十七章-杨震列传.txt,含侍中,,而伯荣骄淫尤甚，与故朝阳侯刘护从兄瑰交通，瑰遂以为妻，得袭护爵，位至侍中。,待审,,,
後漢書,第四十七章:杨震列传,mirror,data/raw/mirror/後漢書/列传/第四十七章-杨震列传.txt,含侍中,,今瑰无佗功行，但以配阿母女，一时之间，既位侍中，又至封侯，不稽旧制，不合经义，行人喧哗，百姓不安。,待审,,,
後漢書,第四十七章:杨震列传,mirror,data/raw/mirror/後漢書/列传/第四十七章-杨震列传.txt,含侍中,周,时诏遣使者大为阿母修弟，中常侍樊丰及侍中周广、谢恽等更相扇动，倾摇朝廷。,待审,,,
後漢書,第四十七章:杨震列传,mirror,data/raw/mirror/後漢書/列传/第四十七章-杨震列传.txt,含侍中,,牧孙奇，灵帝时为侍中，帝尝从容问奇曰：“朕何如桓帝？,待审,,,
後漢書,第四十七章:杨震列传,mirror,data/raw/mirror/後漢書/列传/第四十七章-杨震列传.txt,含侍中,,帝崩后，复入为侍中卫尉，从献帝西迁，有功勤。,待审,,,
後漢書,第四十七章:杨震列传,mirror,data/raw/mirror/後漢書/列传/第四十七章-杨震列传.txt,含侍中,,及帝东还，夜走度河，众率诸官属步从至太阳，拜侍中。,待审,,,
後漢書,第四十七章:杨震列传,mirror,data/raw/mirror/後漢書/列传/第四十七章-杨震列传.txt,含侍中,,桓帝即位，以明《尚书》征入劝讲，拜太中大夫、左中郎将，迁侍中、尚书。,待审,,,
後漢書,第四十七章:杨震列传,mirror,data/raw/mirror/後漢書/列传/第四十七章-杨震列传.txt,含侍中,,后以司空高第，再迁侍中、越骑校尉。,待审,,,
後漢書,第四十七章:杨震列传,mirror,data/raw/mirror/後漢書/列传/第四十七章-杨震列传.txt,含侍中,,书奏，帝欲止，以问侍中任芝、中常侍乐松。,待审,,,
後漢書,第四十七章:杨震列传,mirror,data/raw/mirror/後漢書/列传/第四十七章-杨震列传.txt,含侍中,,熹平中，以博习旧闻，公车征拜议郎，迁侍中、京兆尹。,待审,,,
後漢書,第四十七章:杨震列传,mirror,data/raw/mirror/後漢書/列传/第四十七章-杨震列传.txt,含侍中,,征还为侍中、五官中郎将，迁颍川、南阳太守，复拜侍中，三迁永乐少府、太仆、卫尉。,待审,,,
後漢書,第四十九章:张王种陈列传,mirror,data/raw/mirror/後漢書/列传/第四十九章-张王种陈列传.txt,含侍中,,及进败，献帝即位，拜劭为侍中。,待审,,,
後漢書,第四十九章:张王种陈列传,mirror,data/raw/mirror/後漢書/列传/第四十九章-张王种陈列传.txt,含侍中,,初，郃兄侍中B34A，与大将军窦武同谋俱死，故郃与球相结。,待审,,,
後漢書,第四十九章:张王种陈列传,mirror,data/raw/mirror/後漢書/列传/第四十九章-张王种陈列传.txt,含侍中,,今曹节等放纵为害，而久在左右，又公兄侍中受害节等，永乐太后所亲知也。,待审,,,
後漢書,第四十五章:崔骃列传,mirror,data/raw/mirror/後漢書/列传/第四十五章-崔骃列传.txt,含侍中,窦,帝雅好文章，自见骃颂后，常嗟叹之，谓侍中窦宪曰：“卿宁知崔骃乎？,待审,,,
後漢書,第四十五章:崔骃列传,mirror,data/raw/mirror/後漢書/列传/第四十五章-崔骃列传.txt,含侍中,贾,年十八，至京师，从侍中贾逵质正大义，逵善待之，瑗因留游学，遂明天官、历数、《京房易传》、六日七分。,待审,,,
後漢書,第四十八章:章帝八王列传,mirror,data/raw/mirror/後漢書/列传/第四十八章-章帝八王列传.txt,含侍中,刘,又遣中常侍奉太牢祠典，护礼仪侍中刘珍等及宗室列侯皆往会事。,待审,,,
後漢書,第四十八章:章帝八王列传,mirror,data/raw/mirror/後漢書/列传/第四十八章-章帝八王列传.txt,含侍中,,宋氏为卿、校、侍中、大夫、谒者、郎吏十余人。,待审,,,
後漢書,第四十四章:李陈庞陈桥列传,mirror,data/raw/mirror/後漢書/列传/第四十四章-李陈庞陈桥列传.txt,含侍中,,帝不从，而迁升侍中。,待审,,,
後漢書,第四章:宗室四王三侯列传,mirror,data/raw/mirror/後漢書/列传/第四章-宗室四王三侯列传.txt,含侍中,,更始立，歙从入关，封为元氏王，终为侍中。,待审,,,
後漢書,第四章:宗室四王三侯列传,mirror,data/raw/mirror/後漢書/列传/第四章-宗室四王三侯列传.txt,含侍中,,延光中，护从兄瑰与安帝乳母王圣女伯荣私通，遂取伯荣为妻，得绍护封为朝阳侯，位侍中。,待审,,,
後漢書,第七章:孝顺孝冲孝质帝纪,mirror,data/raw/mirror/後漢書/本纪/第七章-孝顺孝冲孝质帝纪.txt,含侍中,王,深恐在所慢违'如在'之义，今遣侍中王辅等，持节分诣岱山、东海、荥阳、河、洛，尽心祈焉。,待审,,,
後漢書,第七章:孝顺孝冲孝质帝纪,mirror,data/raw/mirror/後漢書/本纪/第七章-孝顺孝冲孝质帝纪.txt,含侍中,,丁卯，遣侍中杜乔，光禄大夫周举，守光禄大夫郭遵、冯羡、栾巴、张纲、周栩、刘班等八人分行州、郡，班宣风化，举实臧否。,待审,,,
後漢書,第九章:孝灵帝纪,mirror,data/raw/mirror/後漢書/本纪/第九章-孝灵帝纪.txt,含侍中,刘,九月辛亥，中常侍曹节矫诏诛太傅陈蕃、大将军窦武及尚书令尹勋、侍中刘瑜、屯骑校尉冯述，皆夷其族。,待审,,,
後漢書,第九章:孝灵帝纪,mirror,data/raw/mirror/後漢書/本纪/第九章-孝灵帝纪.txt,含侍中,,侍中寺雌鸡化为雄。,待审,,,
後漢書,第九章:孝灵帝纪,mirror,data/raw/mirror/後漢書/本纪/第九章-孝灵帝纪.txt,含侍中,,侍中向栩、张钧坐言宦者，下狱死。,待审,,,
後漢書,第五章:孝和孝殇帝纪,mirror,data/raw/mirror/後漢書/本纪/第五章-孝和孝殇帝纪.txt,含侍中,,侍中宪，朕之元兄，行能兼备，忠孝尤笃，先帝所器，亲受遗诏，当以旧典辅斯职焉。,待审,,,
後漢書,第五章:孝和孝殇帝纪,mirror,data/raw/mirror/後漢書/本纪/第五章-孝和孝殇帝纪.txt,含侍中,窦,冬十月乙亥，以侍中窦宪为车骑将军，伐北匈奴。,待审,,,
後漢書,第五章:孝和孝殇帝纪,mirror,data/raw/mirror/後漢書/本纪/第五章-孝和孝殇帝纪.txt,含侍中,,诏收捕宪党射声校尉郭璜，璜子侍中举，卫尉邓叠，叠弟步兵校尉磊。,待审,,,
後漢書,第六章:孝安帝纪,mirror,data/raw/mirror/後漢書/本纪/第六章-孝安帝纪.txt,含侍中,,辛卯，大将军耿宝、中常侍樊丰、侍中谢惲、周广、乳母野王君王圣，坐相阿党，丰、惲、广下狱死，宝自杀，圣徙雁门。,待审,,,
後漢書,第十一章:皇后纪上,mirror,data/raw/mirror/後漢書/本纪/第十一章-皇后纪上.txt,含侍中,,永元初，璜为长乐少府，子举为侍中，兼射声校尉。,待审,,,
後漢書,第十一章:皇后纪上,mirror,data/raw/mirror/後漢書/本纪/第十一章-皇后纪上.txt,含侍中,傅,光武即位，令侍中傅俊迎后，与胡阳、宁平主诸宫人俱到洛阳，以后为贵人。,待审,,,
後漢書,第十一章:皇后纪上,mirror,data/raw/mirror/後漢書/本纪/第十一章-皇后纪上.txt,含侍中,,永宁二年二月，寝病渐笃，乃乘辇于前殿，见侍中、尚书，因北至太子新所缮宫。,待审,,,
後漢書,第十二章:皇后纪下,mirror,data/raw/mirror/後漢書/本纪/第十二章-皇后纪下.txt,含侍中,,三年，以后父侍中畅为长水校尉，封北宜春侯，食邑五千户。,待审,,,
後漢書,第十二章:皇后纪下,mirror,data/raw/mirror/後漢書/本纪/第十二章-皇后纪下.txt,含侍中,,显忌大将军耿宝位尊权重，威行前朝，乃风有司奏宝及其党与中常侍樊丰、虎贲中郎将谢惲、惲弟侍中笃、笃弟大将军长史宓、侍中周广、阿母野王君王圣、圣女永、永婿黄门侍郎樊严等，更相阿党，互作威福，探刺禁省，更为唱和，皆大不道。,待审,,,
後漢書,第十二章:皇后纪下,mirror,data/raw/mirror/後漢書/本纪/第十二章-皇后纪下.txt,含侍中,,以康弟统袭封昆阳侯，位侍中；,待审,,,
後漢書,第十二章:皇后纪下,mirror,data/raw/mirror/後漢書/本纪/第十二章-皇后纪下.txt,含侍中,,帝闻感怆，乃下诏迎姬，置园中，使侍中持节拜为弘农王妃。,待审,,,
後漢書,第十二章:皇后纪下,mirror,data/raw/mirror/後漢書/本纪/第十二章-皇后纪下.txt,含侍中,,父完，沉深有大度，袭爵不其侯，尚桓帝女阳安公主，为侍中。,待审,,,
後漢書,第十二章:皇后纪下,mirror,data/raw/mirror/後漢書/本纪/第十二章-皇后纪下.txt,含侍中,邓,皇女小姬，十二年封平皋公主，适昌安侯侍中邓蕃。,待审,,,
後漢書,第十二章:皇后纪下,mirror,data/raw/mirror/後漢書/本纪/第十二章-皇后纪下.txt,含侍中,贾,皇女利，元年封临颍公主，适即墨侯侍中贾建。,待审,,,
後漢書,第十章:孝献帝纪,mirror,data/raw/mirror/後漢書/本纪/第十章-孝献帝纪.txt,含侍中,,初令侍中、给事黄门侍郎员各六人。,待审,,,
後漢書,第十章:孝献帝纪,mirror,data/raw/mirror/後漢書/本纪/第十章-孝献帝纪.txt,含侍中,刘,帝疑赋恤有虚，乃亲于御坐前量试作糜，乃知非实，使侍中刘艾出让有司。,待审,,,
後漢書,第十章:孝献帝纪,mirror,data/raw/mirror/後漢書/本纪/第十章-孝献帝纪.txt,含侍中,朱,十一月庚午，李傕、郭汜等追乘舆，战于东涧，王师败绩，杀光禄勋邓泉、卫尉士孙瑞、廷尉宣播、大长秋苗祀、步兵校尉魏桀、侍中朱展、射声校尉沮俊。,待审,,,
後漢書,第十章:孝献帝纪,mirror,data/raw/mirror/後漢書/本纪/第十章-孝献帝纪.txt,含侍中,曹,曹操杀侍中台崇、尚书冯硕等。,待审,,,
後漢書,第四章:肃宗孝章帝纪,mirror,data/raw/mirror/後漢書/本纪/第四章-肃宗孝章帝纪.txt,含侍中,,"""于是下太常，将、大夫、博士、议郎、郎官及诸生、诸儒会白虎观，讲议《五经》同异，使五官中郎将魏应承制问，侍中淳于恭奏，帝亲称制临决，如孝宣甘露石渠故事，作《白虎议奏》。",待审,,,
漢書,第七十七章:王莽传下,mirror,data/raw/mirror/漢書/传/第七十七章-王莽传下.txt,含侍中,,司徒王寻、大司空王邑持节，及侍中常侍执法杜林等数十人将作。,待审,,,
漢書,第七十七章:王莽传下,mirror,data/raw/mirror/漢書/传/第七十七章-王莽传下.txt,含侍中,,使侍中票骑将军同说侯林赐魂衣玺韨，策书曰：“符命文立临为统义阳王，此言新室即位三万六千岁后，为临之后者乃当龙阳而起。,待审,,,
漢書,第七十七章:王莽传下,mirror,data/raw/mirror/漢書/传/第七十七章-王莽传下.txt,含侍中,,乃拜侍中掌牧大夫李棽为大将军、扬州牧，赐名圣，使将兵奋击。,待审,,,
漢書,第七十七章:王莽传下,mirror,data/raw/mirror/漢書/传/第七十七章-王莽传下.txt,含侍中,,因赐治庙者司徒、大司空饯客千万，侍中、中常侍以下皆封。,待审,,,
漢書,第七十七章:王莽传下,mirror,data/raw/mirror/漢書/传/第七十七章-王莽传下.txt,含侍中,,封皇后父谌为和平侯，拜为宁始将军，谌子二人皆侍中。,待审,,,
漢書,第七十七章:王莽传下,mirror,data/raw/mirror/漢書/传/第七十七章-王莽传下.txt,含侍中,,”伊休侯者，歆长子也，为侍中五官中朗将，莽素爱之。,待审,,,
漢書,第七十七章:王莽传下,mirror,data/raw/mirror/漢書/传/第七十七章-王莽传下.txt,含侍中,王,中黄门各拔刃将忠等送庐，忠拔剑欲自刎，侍中王望传言大司马反，黄门持剑共格杀之。,待审,,,
漢書,第七十七章:王莽传下,mirror,data/raw/mirror/漢書/传/第七十七章-王莽传下.txt,含侍中,,伊休侯叠又以素谨，歆讫不告，但免侍中中郎将，更为中散大夫。,待审,,,
漢書,第七十七章:王莽传下,mirror,data/raw/mirror/漢書/传/第七十七章-王莽传下.txt,含侍中,,三日庚戌，晨旦明，群臣扶掖莽，自前殿南下椒除，西出白虎门，和新公王揖奉车待门外，莽就车，之渐台，欲阻池水，犹抱持符命、威斗，公、卿、大夫、侍中、黄门郎从官尚千余人随之。,待审,,,
漢書,第七十七章:王莽传下,mirror,data/raw/mirror/漢書/传/第七十七章-王莽传下.txt,含侍中,,王邑昼夜战，罢极，士死伤略尽，驰入宫，间关至渐台，见其子侍中睦解衣冠欲逃，邑叱之令还，父子共守莽。,待审,,,
漢書,第七十三章:外戚传下,mirror,data/raw/mirror/漢書/传/第七十三章-外戚传下.txt,含侍中,于,太后姊子淳于长为侍中，数往来传语，得太后指，上立封赵婕妤父临为成阳侯。,待审,,,
漢書,第七十三章:外戚传下,mirror,data/raw/mirror/漢書/传/第七十三章-外戚传下.txt,含侍中,,哀帝既立，尊赵皇后为皇太后，封太后弟侍中驸马都尉钦为新成侯。,待审,,,
漢書,第七十三章:外戚传下,mirror,data/raw/mirror/漢書/传/第七十三章-外戚传下.txt,含侍中,,郑氏、傅氏侯者凡六人，大司马二人，九卿二千石六人，侍中诸曹十余人。,待审,,,
漢書,第七十三章:外戚传下,mirror,data/raw/mirror/漢書/传/第七十三章-外戚传下.txt,含侍中,,丁氏侯者凡二人，大司马一人，将军、九卿、二千石六人，侍中、诸曹亦十余人。,待审,,,
漢書,第七十二章:外戚传上,mirror,data/raw/mirror/漢書/传/第七十二章-外戚传上.txt,含侍中,,留侯子张辟强为侍中，年十五，谓丞相陈平曰：“太后独有帝，今哭而不悲，君知其解未？,待审,,,
漢書,第七十二章:外戚传上,mirror,data/raw/mirror/漢書/传/第七十二章-外戚传上.txt,含侍中,,召其兄卫长君、弟青侍中。,待审,,,
漢書,第七十二章:外戚传上,mirror,data/raw/mirror/漢書/传/第七十二章-外戚传上.txt,含侍中,,上以为忠，由是亲近，为侍中，稍迁至太仆。,待审,,,
漢書,第七十五章:王莽传上,mirror,data/raw/mirror/漢書/传/第七十五章-王莽传上.txt,含侍中,金,久之，叔父成都侯商上书，愿分户邑以封莽，及长乐少府戴崇、侍中金涉、胡骑校尉箕闳、上谷都尉阳并、中郎陈汤，皆当世名士，咸为莽言，上由是贤莽。,待审,,,
漢書,第七十五章:王莽传上,mirror,data/raw/mirror/漢書/传/第七十五章-王莽传上.txt,含侍中,,迁骑都尉、光禄大夫、侍中。,待审,,,
漢書,第七十五章:王莽传上,mirror,data/raw/mirror/漢書/传/第七十五章-王莽传上.txt,含侍中,,莽以大司徒孔光名儒，相三主，太后所敬，天下信之，于是盛尊事光，引光女婿甄邯为侍中奉车都尉。,待审,,,
漢書,第七十五章:王莽传上,mirror,data/raw/mirror/漢書/传/第七十五章-王莽传上.txt,含侍中,,侍中奉车都尉邯宿卫勤劳，建议定策，封邯为承阳侯，食邑二千四百户。,待审,,,
漢書,第七十五章:王莽传上,mirror,data/raw/mirror/漢書/传/第七十五章-王莽传上.txt,含侍中,,及为侍中，故定陵侯淳于长有大逆罪，公不敢私，建白诛讨。,待审,,,
漢書,第七十八章:叙传上,mirror,data/raw/mirror/漢書/传/第七十八章-叙传上.txt,含侍中,,上遣侍中中郎将王舜驰传代伯护单于，并奉玺书印绶，即拜伯为定襄太守。,待审,,,
漢書,第七十八章:叙传上,mirror,data/raw/mirror/漢書/传/第七十八章-叙传上.txt,含侍中,,道病中风，既至，以侍中光禄大夫养病，赏赐甚厚，数年未能起。,待审,,,
漢書,第七十八章:叙传上,mirror,data/raw/mirror/漢書/传/第七十八章-叙传上.txt,含侍中,李,入侍禁中，设宴饮之会，及赵、李诸侍中皆引满举白，谈笑大噱。,待审,,,
漢書,第七十八章:叙传上,mirror,data/raw/mirror/漢書/传/第七十八章-叙传上.txt,含侍中,班,后上朝东宫，太后泣曰：“帝间颜色瘦黑，班侍中本大将军所举，宜宠异之，益求其比，以辅圣德。,待审,,,
漢書,第七十八章:叙传上,mirror,data/raw/mirror/漢書/传/第七十八章-叙传上.txt,含侍中,,”是时，许商为少府，师丹为光禄大夫，上于是引商、丹入为光禄勋，伯迁水衡都尉，与两师并侍中，皆秩中二千石。,待审,,,
漢書,第七十六章:王莽传中,mirror,data/raw/mirror/漢書/传/第七十六章-王莽传中.txt,含侍中,,是日，封拜卿大夫、侍中、尚书官凡数百人。,待审,,,
漢書,第七十六章:王莽传中,mirror,data/raw/mirror/漢書/传/第七十六章-王莽传中.txt,含侍中,,时子寻为侍中京兆大君茂德侯，即作符命，言新室当分陕，立二伯，以丰为右伯，太傅平晏为左伯，如周、召故事。,待审,,,
漢書,第七十六章:王莽传中,mirror,data/raw/mirror/漢書/传/第七十六章-王莽传中.txt,含侍中,,寻随方士入华山，岁余捕得，辞连国师公歆子侍中东通灵将、五司大夫隆威侯棻，棻弟右曹长水校尉伐虏侯泳，大司空邑弟左关将军掌威侯奇，及歆门人侍中骑都尉丁隆等，牵引公卿党亲列侯以下，死者数百人。,待审,,,
漢書,第七十六章:王莽传中,mirror,data/raw/mirror/漢書/传/第七十六章-王莽传中.txt,含侍中,,又置师友祭酒及侍中、谏议、《六经》祭酒各一人，凡九祭酒，秩上卿。,待审,,,
漢書,第七十六章:王莽传中,mirror,data/raw/mirror/漢書/传/第七十六章-王莽传中.txt,含侍中,,宁始将军姚恂免，侍中、崇禄侯孔永为宁始将军。,待审,,,
漢書,第七十六章:王莽传中,mirror,data/raw/mirror/漢書/传/第七十六章-王莽传中.txt,含侍中,,大司马甄邯死，宁始将军孔永为大司马，侍中大赘侯辅为宁始将军。,待审,,,
漢書,第七十六章:王莽传中,mirror,data/raw/mirror/漢書/传/第七十六章-王莽传中.txt,含侍中,,定诸国邑采之处，使侍中讲礼大夫孔秉等与州部众郡晓知地理图籍者，共校治于寿成朱鸟堂。,待审,,,
漢書,第七十六章:王莽传中,mirror,data/raw/mirror/漢書/传/第七十六章-王莽传中.txt,含侍中,,太傅平晏勿领尚书事，省侍中、诸曹兼官者。,待审,,,
漢書,第七十四章:元后传,mirror,data/raw/mirror/漢書/传/第七十四章-元后传.txt,含侍中,,皇后使侍中杜辅、掖庭令浊贤交送政君太子宫，见丙殿。,待审,,,
漢書,第七十四章:元后传,mirror,data/raw/mirror/漢書/传/第七十四章-元后传.txt,含侍中,,长子凤嗣侯，为卫尉侍中，皇后自有子后，希复进见。,待审,,,
漢書,第七十四章:元后传,mirror,data/raw/mirror/漢書/传/第七十四章-元后传.txt,复合官名,,时凤在位，与皇后、太子同心忧惧，刺侍中史丹拥右太子，语在《丹传》。,待审,,,
漢書,第七十四章:元后传,mirror,data/raw/mirror/漢書/传/第七十四章-元后传.txt,含侍中,,”以参为侍中水衡都尉。,待审,,,
漢書,第七十四章:元后传,mirror,data/raw/mirror/漢書/传/第七十四章-元后传.txt,含侍中,,王氏子弟皆卿、大夫、侍中、诸曹，分据势官满朝廷。,待审,,,
漢書,第七十四章:元后传,mirror,data/raw/mirror/漢書/传/第七十四章-元后传.txt,含侍中,,时太后从弟长乐卫尉弘子侍中音独侧听，具知章言，以语凤。,待审,,,
漢書,第七十四章:元后传,mirror,data/raw/mirror/漢書/传/第七十四章-元后传.txt,含侍中,,又以侍中太仆音为御史大夫，列于三公。,待审,,,
漢書,第七十四章:元后传,mirror,data/raw/mirror/漢書/传/第七十四章-元后传.txt,含侍中,,子舜嗣侯，为太仆侍中。,待审,,,
漢書,第七十四章:元后传,mirror,data/raw/mirror/漢書/传/第七十四章-元后传.txt,含侍中,,先是，定陵侯淳于长以外属能谋议，为卫尉侍中，在辅政之次。,待审,,,
漢書,第七十四章:元后传,mirror,data/raw/mirror/漢書/传/第七十四章-元后传.txt,含侍中,,故曲阳侯根荐莽以自代，上亦以为莽有忠直节，遂擢莽从侍中骑都尉光禄大夫为大司马。,待审,,,
漢書,第七十四章:元后传,mirror,data/raw/mirror/漢書/传/第七十四章-元后传.txt,含侍中,,侍中太仆安阳侯舜往时护太子家，导朕，忠诚专一，有旧恩。,待审,,,
漢書,第七十四章:元后传,mirror,data/raw/mirror/漢書/传/第七十四章-元后传.txt,含侍中,,及根兄子成都侯况幸得以外亲继父为列侯侍中，不思报厚恩，亦聘取故掖庭贵人以为妻，皆无人臣礼，大不敬不道。,待审,,,
漢書,第三十七章:东方朔传,mirror,data/raw/mirror/漢書/传/第三十七章-东方朔传.txt,含侍中,,八九月中，与侍中常侍武骑及待诏陇西北地良家子能骑射者期诸殿门，故有“期门”之号自此始。,待审,,,
漢書,第三十五章:严朱吾丘主父徐严终王,mirror,data/raw/mirror/漢書/传/第三十五章-严朱吾丘主父徐严终王.txt,含侍中,,”诏许，因留侍中。,待审,,,
漢書,第三十五章:严朱吾丘主父徐严终王,mirror,data/raw/mirror/漢書/传/第三十五章-严朱吾丘主父徐严终王.txt,含侍中,,会邑子严助贵幸，荐买臣，召见，说《春秋》，言《楚词》，帝甚说之，拜买臣为中大夫，与严助俱侍中。,待审,,,
漢書,第三十五章:严朱吾丘主父徐严终王,mirror,data/raw/mirror/漢書/传/第三十五章-严朱吾丘主父徐严终王.txt,含侍中,,始，买臣与严助俱侍中，贵用事，汤尚为小吏，趋走买臣等前。,待审,,,
漢書,第三十五章:严朱吾丘主父徐严终王,mirror,data/raw/mirror/漢書/传/第三十五章-严朱吾丘主父徐严终王.txt,含侍中,,迁侍中中郎，坐法免。,待审,,,
漢書,第三十五章:严朱吾丘主父徐严终王,mirror,data/raw/mirror/漢書/传/第三十五章-严朱吾丘主父徐严终王.txt,含侍中,,后征入为光禄大夫侍中。,待审,,,
漢書,第三十八章:公孙刘田王杨蔡陈郑传,mirror,data/raw/mirror/漢書/传/第三十八章-公孙刘田王杨蔡陈郑传.txt,含侍中,金,霍氏谋反，惲先闻知，因侍中金安上以闻，召见言状。,待审,,,
漢書,第三十八章:公孙刘田王杨蔡陈郑传,mirror,data/raw/mirror/漢書/传/第三十八章-公孙刘田王杨蔡陈郑传.txt,含侍中,,光闻之，谓侍中左右及官属曰：“以为人主师当为宰相，何谓云云？,待审,,,
漢書,第三十六章:严朱吾丘主父徐严终王,mirror,data/raw/mirror/漢書/传/第三十六章-严朱吾丘主父徐严终王.txt,含侍中,,上使侍中、驸马都尉、乐昌侯王商诘问捐之曰：“珠厓内属为郡久矣，今背畔逆节，而云不当击，长蛮夷之乱，亏先帝功德，经义何以处之？,待审,,,
漢書,第三十四章:武五子传,mirror,data/raw/mirror/漢書/传/第三十四章-武五子传.txt,含侍中,,旦遂招来郡国奸人，赋敛铜铁作甲兵，数阅其车骑材官卒，建旌旗鼓车，旄头先驱，郎中侍从者着貂羽，黄金附蝉，皆号侍中。,待审,,,
漢書,第三十四章:武五子传,mirror,data/raw/mirror/漢書/传/第三十四章-武五子传.txt,含侍中,,”侍中卫尉金安上上书言：“贺，天之所弃，陛下至仁，复封为列侯。,待审,,,
漢書,第三十章:张汤传,mirror,data/raw/mirror/漢書/传/第三十章-张汤传.txt,含侍中,,”安世子千秋、延寿、彭祖，皆中郎将侍中。,待审,,,
漢書,第三十章:张汤传,mirror,data/raw/mirror/漢書/传/第三十章-张汤传.txt,含侍中,,’其封贺弟子侍中关内侯彭祖为阳都侯，赐贺谥曰阳都哀侯。,待审,,,
漢書,第三十章:张汤传,mirror,data/raw/mirror/漢書/传/第三十章-张汤传.txt,含侍中,,放为侍中、中郎将，监平乐屯兵，置莫府，仪比将军。,待审,,,
漢書,第三十章:张汤传,mirror,data/raw/mirror/漢書/传/第三十章-张汤传.txt,含侍中,,数月，复征入侍中。,待审,,,
漢書,第三十章:张汤传,mirror,data/raw/mirror/漢書/传/第三十章-张汤传.txt,含侍中,,后复征放为侍中光禄大夫，秩中二千石。,待审,,,
漢書,第三十章:张汤传,mirror,data/raw/mirror/漢書/传/第三十章-张汤传.txt,含侍中,,”及禹诛灭，而安世子孙相继，自宣、元以来为侍中、中常侍、诸曹散骑、列校尉者凡十余人。,待审,,,
漢書,第三章:魏豹田儋韩王信传,mirror,data/raw/mirror/漢書/传/第三章-魏豹田儋韩王信传.txt,含侍中,,增少为郎，诸曹、侍中、光禄大夫，昭帝时至前将军，与大将军霍光定策立宣帝，益封千户。,待审,,,
漢書,第二十二章:窦田灌韩传,mirror,data/raw/mirror/漢書/传/第二十二章-窦田灌韩传.txt,含侍中,,夫家居，卿相侍中宾客益衰。,待审,,,
漢書,第二十五章:卫青霍去病传,mirror,data/raw/mirror/漢書/传/第二十五章-卫青霍去病传.txt,含侍中,,上闻，乃召青为建章监，侍中。,待审,,,
漢書,第二十五章:卫青霍去病传,mirror,data/raw/mirror/漢書/传/第二十五章-卫青霍去病传.txt,含侍中,,去病以皇后姊子，年十八为侍中。,待审,,,
漢書,第二十五章:卫青霍去病传,mirror,data/raw/mirror/漢書/传/第二十五章-卫青霍去病传.txt,含侍中,,然少而侍中，贵不省士。,待审,,,
漢書,第二十五章:卫青霍去病传,mirror,data/raw/mirror/漢書/传/第二十五章-卫青霍去病传.txt,含侍中,,荀彘，太原广武人，以御见，侍中，用校尉数从大将军。,待审,,,
漢書,第二十四章:李广苏建传,mirror,data/raw/mirror/漢書/传/第二十四章-李广苏建传.txt,含侍中,,尝与侍中贵人饮，侵陵之，莫敢应。,待审,,,
漢書,第二十四章:李广苏建传,mirror,data/raw/mirror/漢書/传/第二十四章-李广苏建传.txt,含侍中,,陵字少卿，少为侍中建章监。,待审,,,
漢書,第二十四章:李广苏建传,mirror,data/raw/mirror/漢書/传/第二十四章-李广苏建传.txt,含侍中,,初，武与李陵俱为侍中，武使匈奴明年，陵降，不敢求武。,待审,,,
漢書,第二十章:张冯汲郑传,mirror,data/raw/mirror/漢書/传/第二十章-张冯汲郑传.txt,含侍中,,大将军青侍中，上踞厕视之。,待审,,,
漢書,第五十七章:谷永杜邺传,mirror,data/raw/mirror/漢書/传/第五十七章-谷永杜邺传.txt,含侍中,,制书侍中、驸马都尉迁不忠巧佞，免归故郡，间未旬月，则有诏还，大臣奏正其罚，卒不得遣，而反兼官奉使，显宠过故。,待审,,,
漢書,第五十三章:匡张孔马传,mirror,data/raw/mirror/漢書/传/第五十三章-匡张孔马传.txt,含侍中,,光与大司空师丹奏言：“诏书‘侍中、驸马都尉迁巧佞无义，漏泄不忠，国之贼也，免归故郡。,待审,,,
漢書,第五十三章:匡张孔马传,mirror,data/raw/mirror/漢書/传/第五十三章-匡张孔马传.txt,含侍中,,”卒不得遣，复为侍中。,待审,,,
漢書,第五十三章:匡张孔马传,mirror,data/raw/mirror/漢書/传/第五十三章-匡张孔马传.txt,含侍中,,上乃知光前免非其罪，以过近臣毁短光者，复免傅嘉，曰：“前为侍中，毁谮仁贤，诬诉大臣，令俊艾者久失其位。,待审,,,
漢書,第五十八章:何武王嘉师丹传,mirror,data/raw/mirror/漢書/传/第五十八章-何武王嘉师丹传.txt,含侍中,王,莽从弟成都侯王邑为侍中，矫称太皇太后指白哀帝，为莽求特进给事中。,待审,,,
漢書,第五十八章:何武王嘉师丹传,mirror,data/raw/mirror/漢書/传/第五十八章-何武王嘉师丹传.txt,含侍中,董,是时，侍中董贤爱幸于上，上欲侯之而未有所缘，傅嘉劝上因东平事以封贤。,待审,,,
漢書,第五十八章:何武王嘉师丹传,mirror,data/raw/mirror/漢書/传/第五十八章-何武王嘉师丹传.txt,含侍中,,赖宗庙之灵，侍中、驸马都尉贤等发觉以闻，咸伏厥辜。,待审,,,
漢書,第五十八章:何武王嘉师丹传,mirror,data/raw/mirror/漢書/传/第五十八章-何武王嘉师丹传.txt,含侍中,,数月，复以光禄大夫给事中，由是为少府、光禄勋、侍中，甚见尊重。,待审,,,
漢書,第五十八章:何武王嘉师丹传,mirror,data/raw/mirror/漢書/传/第五十八章-何武王嘉师丹传.txt,含侍中,王,出侍中王邑、射声校尉王邯等。,待审,,,
漢書,第五十六章:翟方进传,mirror,data/raw/mirror/漢書/传/第五十六章-翟方进传.txt,含侍中,,后数年，皇太后姊子侍中卫尉定陵侯淳于长有罪，上以太后故，免官勿治罪。,待审,,,
漢書,第五十六章:翟方进传,mirror,data/raw/mirror/漢書/传/第五十六章-翟方进传.txt,含侍中,王,复以邑弟侍中王奇为扬武将军，城门将军赵恢为强弩将军，中郎将李棽为厌难将军，复将兵西。,待审,,,
漢書,第五十四章:王商史丹傅喜传,mirror,data/raw/mirror/漢書/传/第五十四章-王商史丹傅喜传.txt,含侍中,,繇是擢为诸曹、侍中、中郎将。,待审,,,
漢書,第五十四章:王商史丹傅喜传,mirror,data/raw/mirror/漢書/传/第五十四章-王商史丹傅喜传.txt,含侍中,,今商无尺寸之功，而有三世之宠，身位三公，宗族为列侯、吏二千石、侍中诸曹，给事禁门内，连昏诸侯王，权宠至盛。,待审,,,
漢書,第五十四章:王商史丹傅喜传,mirror,data/raw/mirror/漢書/传/第五十四章-王商史丹傅喜传.txt,含侍中,,而商子弟亲属为驸马都尉、侍中、中常侍、诸曹大夫郎吏者，皆出补吏，莫得留给事宿卫者。,待审,,,
漢書,第五十四章:王商史丹傅喜传,mirror,data/raw/mirror/漢書/传/第五十四章-王商史丹傅喜传.txt,含侍中,,高侍中，贵幸，以发举反者大司马霍禹功封乐陵侯。,待审,,,
漢書,第五十四章:王商史丹傅喜传,mirror,data/raw/mirror/漢書/传/第五十四章-王商史丹傅喜传.txt,含侍中,马,元帝即位，为驸马都尉侍中，出常骖乘，甚有宠。,待审,,,
漢書,第五十四章:王商史丹傅喜传,mirror,data/raw/mirror/漢書/传/第五十四章-王商史丹傅喜传.txt,含侍中,,是时，太子长舅阳平侯王凤为卫尉、侍中，与皇后、太子皆忧，不知所出。,待审,,,
漢書,第五十四章:王商史丹傅喜传,mirror,data/raw/mirror/漢書/传/第五十四章-王商史丹傅喜传.txt,含侍中,,有子男女二十人，九男皆以丹任并为侍中、诸曹，亲近在左右。,待审,,,
漢書,第五十章:萧望之传,mirror,data/raw/mirror/漢書/传/第五十章-萧望之传.txt,含侍中,,上闻之，使侍中、成都侯金安上谕意曰：“所用皆更治民以考功。,待审,,,
漢書,第五十章:萧望之传,mirror,data/raw/mirror/漢書/传/第五十章-萧望之传.txt,含侍中,,”上以望之意轻丞相，乃下侍中建章卫尉金安上、光禄勋杨惲、御史中丞王忠，并诘问望之。,待审,,,
漢書,第五十章:萧望之传,mirror,data/raw/mirror/漢書/传/第五十章-萧望之传.txt,含侍中,,后丞相司直緐延寿奏：“侍中谒者良使承制诏望之，望之再拜已。,待审,,,
漢書,第五十章:萧望之传,mirror,data/raw/mirror/漢書/传/第五十章-萧望之传.txt,含侍中,,及宣帝寝疾，选大臣可属者，引外属侍中乐陵侯史高、太子太傅望之、少傅周堪至禁中，拜高为大司马车骑将军，望之为前将军光禄勋，堪为光禄大夫，皆受遗诏辅政，领尚书事。,待审,,,
漢書,第五十章:萧望之传,mirror,data/raw/mirror/漢書/传/第五十章-萧望之传.txt,含侍中,金,望之选白宗室明经达学散骑、谏大夫刘更生给事中，与侍中金敞并拾遗左右。,待审,,,
漢書,第五十章:萧望之传,mirror,data/raw/mirror/漢書/传/第五十章-萧望之传.txt,含侍中,于,”于是侍中许章白见朋。,待审,,,
漢書,第六十一章:儒林传,mirror,data/raw/mirror/漢書/传/第六十一章-儒林传.txt,含侍中,,待诏黄门数入说教侍中，以召贺。,待审,,,
漢書,第六十一章:儒林传,mirror,data/raw/mirror/漢書/传/第六十一章-儒林传.txt,含侍中,,元帝即位，地馀侍中，贵幸，至少府。,待审,,,
漢書,第六十一章:儒林传,mirror,data/raw/mirror/漢書/传/第六十一章-儒林传.txt,含侍中,夏侯,宣帝即位，闻卫太子好《穀梁春秋》，以问丞相韦贤、长信少府夏侯胜及侍中乐陵侯史高，皆鲁人也，言穀梁子本鲁学，公羊氏乃齐学也，宜兴《穀梁》。,待审,,,
漢書,第六十一章:儒林传,mirror,data/raw/mirror/漢書/传/第六十一章-儒林传.txt,含侍中,,时，光禄勋王龚以外属内卿，与奉车都尉刘歆共校书，三人皆侍中。,待审,,,
漢書,第六十九章:西南夷两粤朝鲜传,mirror,data/raw/mirror/漢書/传/第六十九章-西南夷两粤朝鲜传.txt,含侍中,,左将军素侍中，幸，将燕，代卒，悍，乘胜，军多骄。,待审,,,
漢書,第六十二章:循吏传,mirror,data/raw/mirror/漢書/传/第六十二章-循吏传.txt,含侍中,,”天子嘉纳敞言，召上计吏，使侍中临饬如敞指意。,待审,,,
漢書,第六十二章:循吏传,mirror,data/raw/mirror/漢書/传/第六十二章-循吏传.txt,含侍中,,又乐陵侯史高以外属旧恩侍中贵重，霸荐高可太尉。,待审,,,
漢書,第六十二章:循吏传,mirror,data/raw/mirror/漢書/传/第六十二章-循吏传.txt,含侍中,,侍中乐陵侯高帷幄近臣，朕之所自亲，君何越职而举之？,待审,,,
漢書,第六十五章:游侠传,mirror,data/raw/mirror/漢書/传/第六十五章-游侠传.txt,含侍中,,为京兆尹门下督，从至殿中，侍中诸侯贵人争欲揖章，莫与京兆尹言者。,待审,,,
漢書,第六十八章:匈奴传下,mirror,data/raw/mirror/漢書/传/第六十八章-匈奴传下.txt,含侍中,,”诏遣中郎将韩隆、王昌、副校尉甄阜、侍中谒者帛敞、长水校尉王歙使匈奴，告单于曰：“西域内属，不当得受，今遣之。,待审,,,
漢書,第六十六章:佞幸传,mirror,data/raw/mirror/漢書/传/第六十六章-佞幸传.txt,含侍中,,故孝惠时，郎侍中皆冠鵕鸃，贝带，傅脂粉，化闳、籍之属也。,待审,,,
漢書,第六十六章:佞幸传,mirror,data/raw/mirror/漢書/传/第六十六章-佞幸传.txt,含侍中,,宣帝时，侍中中郎将张彭祖少与帝微时同席研书，及帝即尊位，彭祖以旧恩封阳都侯，出常参乘，号为爱幸。,待审,,,
漢書,第六十六章:佞幸传,mirror,data/raw/mirror/漢書/传/第六十六章-佞幸传.txt,含侍中,,天子召见，欲以为侍中，逡请间言事。,待审,,,
漢書,第六十六章:佞幸传,mirror,data/raw/mirror/漢書/传/第六十六章-佞幸传.txt,含侍中,,帝嘉长义，拜为列校尉诸曹，迁水衡都尉侍中，至卫尉九卿。,待审,,,
漢書,第六十六章:佞幸传,mirror,data/raw/mirror/漢書/传/第六十六章-佞幸传.txt,含侍中,,岁余，赵皇后得立，上甚德之，乃追显长前功，下诏曰：“前将作大匠解万年奏请营作昌陵，罢弊海内，侍中卫尉长数白宜止徙家反故处，朕以长言下公卿，议者皆合长计。,待审,,,
漢書,第六十六章:佞幸传,mirror,data/raw/mirror/漢書/传/第六十六章-佞幸传.txt,含侍中,,初，长为侍中，奉两宫使，亲密。,待审,,,
漢書,第六十六章:佞幸传,mirror,data/raw/mirror/漢書/传/第六十六章-佞幸传.txt,含侍中,马,贤宠爱日甚，为驸马都尉侍中，出则参乘，入御左右，旬月间赏赐累巨万，贵震朝廷。,待审,,,
漢書,第六十六章:佞幸传,mirror,data/raw/mirror/漢書/传/第六十六章-佞幸传.txt,含侍中,,将军从弟侍中奉车都尉吴、族父左曹屯骑校尉宣皆知宏及栩丹诸侯王后亲，而宣除用丹为御属，吴与宏交通厚善，数称荐宏。,待审,,,
漢書,第六十六章:佞幸传,mirror,data/raw/mirror/漢書/传/第六十六章-佞幸传.txt,含侍中,,董氏亲属皆侍中诸曹奉朝请，宠在丁、傅之右矣。,待审,,,
漢書,第六十六章:佞幸传,mirror,data/raw/mirror/漢書/传/第六十六章-佞幸传.txt,含侍中,,是时，成帝外家王氏衰废，唯平阿侯谭子去疾，哀帝为太子时为庶子得幸，及即位，为侍中、骑都尉。,待审,,,
漢書,第六十六章:佞幸传,mirror,data/raw/mirror/漢書/传/第六十六章-佞幸传.txt,含侍中,,后上置酒麒麟殿，贤父子亲属宴饮，王闳兄弟侍中、中常侍皆在侧。,待审,,,
漢書,第六章:楚元王传,mirror,data/raw/mirror/漢書/传/第六章-楚元王传.txt,含侍中,金,元帝初即位，太傅萧望之为前将军，少傅周堪为诸吏光禄大夫，皆领尚书事，甚见尊任，更生年少于望之、堪，然二人重之，荐更生宗室忠直，明经有行，擢为散骑、宗正给事中，与侍中金敞拾遗于左右。,待审,,,
漢書,第六章:楚元王传,mirror,data/raw/mirror/漢書/传/第六章-楚元王传.txt,含侍中,,时恭、显、许、史子弟侍中诸曹，皆侧目于望之等，更生惧焉，乃使其外亲上变事，言：,待审,,,
漢書,第六章:楚元王传,mirror,data/raw/mirror/漢書/传/第六章-楚元王传.txt,含侍中,,劾更生前为九卿，坐与望之、堪谋排车骑将军高、许、史氏侍中者，毁离亲戚，欲退去之，而独专权。,待审,,,
漢書,第六章:楚元王传,mirror,data/raw/mirror/漢書/传/第六章-楚元王传.txt,含侍中,,哀帝初即位，大司马王莽举歆宗室有材行，为侍中太中大夫，迁骑都尉、奉车光禄大夫，贵幸。,待审,,,
漢書,第十七章:文三王传,mirror,data/raw/mirror/漢書/传/第十七章-文三王传.txt,含侍中,梁,梁之侍中、郎、谒者著引籍出入天子殿门，与汉宦官亡异。,待审,,,
漢書,第十五章:蒯伍江息夫传,mirror,data/raw/mirror/漢書/传/第十五章-蒯伍江息夫传.txt,含侍中,,充即移书光禄勋、中黄门，逮名近臣侍中诸当诣北军者，移劾门卫，禁止无令得出入宫殿。,待审,,,
漢書,第十五章:蒯伍江息夫传,mirror,data/raw/mirror/漢書/传/第十五章-蒯伍江息夫传.txt,含侍中,董,是时，侍中董贤爱幸，上欲侯之，遂下诏云：“躬、宠因贤以闻，封贤为高安侯，宠为方阳侯，躬为宜陵侯，食邑各千户。,待审,,,
漢書,第四十一章:赵充国辛庆忌传,mirror,data/raw/mirror/漢書/传/第四十一章-赵充国辛庆忌传.txt,含侍中,,上乃拜侍中乐成侯许延寿为强弩将军，即拜酒泉太守武贤为破羌将军，赐玺书嘉纳其册。,待审,,,
漢書,第四十七章:眭两夏侯京翼李传,mirror,data/raw/mirror/漢書/传/第四十七章-眭两夏侯京翼李传.txt,含侍中,,时，平昌侯王临以宣帝外属侍中，称诏欲从奉学其术。,待审,,,
漢書,第四十七章:眭两夏侯京翼李传,mirror,data/raw/mirror/漢書/传/第四十七章-眭两夏侯京翼李传.txt,含侍中,,哀帝初即位，召寻待诏黄门，使侍中卫尉傅喜问寻曰：“间者水出地动，日月失度，星辰乱行，灾异仍重，极言毋有所讳。,待审,,,
漢書,第四十七章:眭两夏侯京翼李传,mirror,data/raw/mirror/漢書/传/第四十七章-眭两夏侯京翼李传.txt,含侍中,,今朝廷忽于时月之令，诸侍中、尚书近臣宜皆令通知月令之意，设群下请事；,待审,,,
漢書,第四十三章:隽疏于薛平彭传,mirror,data/raw/mirror/漢書/传/第四十三章-隽疏于薛平彭传.txt,含侍中,,少时，耆酒多过失，年且三十，乃折节修行，以父任为侍中中郎将、长水校尉。,待审,,,
漢書,第四十九章:盖诸葛刘郑孙毋将何传,mirror,data/raw/mirror/漢書/传/第四十九章-盖诸葛刘郑孙毋将何传.txt,含侍中,,劾奏卫将军张安世子侍中阳都侯彭祖不下殿门，并连及安世居位无补。,待审,,,
漢書,第四十九章:盖诸葛刘郑孙毋将何传,mirror,data/raw/mirror/漢書/传/第四十九章-盖诸葛刘郑孙毋将何传.txt,含侍中,许,时，侍中许章以外属贵幸，奢淫不奉法度，宾客犯事，与章相连。,待审,,,
漢書,第四十九章:盖诸葛刘郑孙毋将何传,mirror,data/raw/mirror/漢書/传/第四十九章-盖诸葛刘郑孙毋将何传.txt,含侍中,许,丰案劾章，欲奉其事，适逢许侍中私出，丰驻车举节诏章曰：“下！,待审,,,
漢書,第四十九章:盖诸葛刘郑孙毋将何传,mirror,data/raw/mirror/漢書/传/第四十九章-盖诸葛刘郑孙毋将何传.txt,含侍中,许,许侍中因得入宫门，自归上。,待审,,,
漢書,第四十九章:盖诸葛刘郑孙毋将何传,mirror,data/raw/mirror/漢書/传/第四十九章-盖诸葛刘郑孙毋将何传.txt,含侍中,,侍中光禄大夫商，皇太太后父同产子，小自保大，恩义最亲。,待审,,,
漢書,第四十九章:盖诸葛刘郑孙毋将何传,mirror,data/raw/mirror/漢書/传/第四十九章-盖诸葛刘郑孙毋将何传.txt,含侍中,,”时，大臣皆失色，侍中奉车都尉甄邯即时承制罢议者。,待审,,,
漢書,第四十九章:盖诸葛刘郑孙毋将何传,mirror,data/raw/mirror/漢書/传/第四十九章-盖诸葛刘郑孙毋将何传.txt,含侍中,董,时，侍中董贤方贵，上使中黄门发武库兵，前后十辈，送董贤及上乳母王阿舍。,待审,,,
漢書,第四十九章:盖诸葛刘郑孙毋将何传,mirror,data/raw/mirror/漢書/传/第四十九章-盖诸葛刘郑孙毋将何传.txt,含侍中,王,初，邛成太后外家王氏贵，而侍中王林卿通轻侠，倾京师。,待审,,,
漢書,第四十九章:盖诸葛刘郑孙毋将何传,mirror,data/raw/mirror/漢書/传/第四十九章-盖诸葛刘郑孙毋将何传.txt,含侍中,,会日暮追及，收缚冠奴，奴曰：“我非侍中，奴耳。,待审,,,
漢書,第四十九章:盖诸葛刘郑孙毋将何传,mirror,data/raw/mirror/漢書/传/第四十九章-盖诸葛刘郑孙毋将何传.txt,含侍中,王,“故侍中王林卿坐杀人埋冢舍，使奴剥寺门鼓。,待审,,,
漢書,第四十二章:傅常郑甘陈段传,mirror,data/raw/mirror/漢書/传/第四十二章-傅常郑甘陈段传.txt,含侍中,,后皇太后同母弟苟参为水衡都尉，死，子伋为侍中，参妻欲为伋求封，汤受其金五十斤，许为求比上奏。,待审,,,
漢書,第四十四章:王贡两龚鲍传,mirror,data/raw/mirror/漢書/传/第四十四章-王贡两龚鲍传.txt,含侍中,,又欲令近臣自诸曹、侍中以上，家亡得私贩卖，与民争利，犯者辄免官削爵，不得仕宦。,待审,,,
漢書,第四十四章:王贡两龚鲍传,mirror,data/raw/mirror/漢書/传/第四十四章-王贡两龚鲍传.txt,含侍中,,是时，郡国地震，民讹言行筹，明年正月朔日蚀，上乃征孔光，免孙宠、息夫躬，罢侍中诸曹黄门郎数十人。,待审,,,
漢書,第四十四章:王贡两龚鲍传,mirror,data/raw/mirror/漢書/传/第四十四章-王贡两龚鲍传.txt,含侍中,,侍中、驸马都尉董贤本无葭莩之亲，但以令色谀言自进，赏赐亡度，竭尽府藏，并合三第尚以为小，复坏暴室。,待审,,,
漢書,第四十章:霍光金日磾传,mirror,data/raw/mirror/漢書/传/第四十章-霍光金日磾传.txt,含侍中,,还，复过焉，乃将光西至长安，时年十余岁，任光为郎，稍迁诸曹、侍中。,待审,,,
漢書,第四十章:霍光金日磾传,mirror,data/raw/mirror/漢書/传/第四十章-霍光金日磾传.txt,含侍中,,先是，后元元年，侍中仆射莽何罗与弟重合侯通谋为逆，时，光与金日磾、上官桀等共诛之，功未录。,待审,,,
漢書,第四十章:霍光金日磾传,mirror,data/raw/mirror/漢書/传/第四十章-霍光金日磾传.txt,含侍中,,时，卫尉王莽子男忽侍中，扬语曰：“帝崩，忽常在左右，安得遗诏封三子事！,待审,,,
漢書,第四十章:霍光金日磾传,mirror,data/raw/mirror/漢書/传/第四十章-霍光金日磾传.txt,复合官名,,令故昭帝侍中中臣侍守王。,待审,,,
漢書,第四十章:霍光金日磾传,mirror,data/raw/mirror/漢書/传/第四十章-霍光金日磾传.txt,含侍中,,为书曰：“皇帝问侍中君卿：使中御府令高昌奉黄金千斤，赐君卿取十妻。,待审,,,
漢書,第四十章:霍光金日磾传,mirror,data/raw/mirror/漢書/传/第四十章-霍光金日磾传.txt,含侍中,傅,文学、光禄大夫夏侯胜等及侍中傅嘉数进谏以过失，使人簿责胜，缚嘉系狱。,待审,,,
漢書,第四十章:霍光金日磾传,mirror,data/raw/mirror/漢書/传/第四十章-霍光金日磾传.txt,含侍中,,自昭帝时，光子禹及兄孙云皆中郎将，云弟山奉车都尉、侍中，邻胡、越兵。,待审,,,
漢書,第四十章:霍光金日磾传,mirror,data/raw/mirror/漢書/传/第四十章-霍光金日磾传.txt,含侍中,金,平恩侯与侍中金安上等径出入省中。,待审,,,
漢書,第四十章:霍光金日磾传,mirror,data/raw/mirror/漢書/传/第四十章-霍光金日磾传.txt,含侍中,金,男子张章先发觉，以语期门董忠，忠告在曹杨惲，惲告侍中金安上。,待审,,,
漢書,第四十章:霍光金日磾传,mirror,data/raw/mirror/漢書/传/第四十章-霍光金日磾传.txt,复合官名,,侍中史高与金安上建发其事，言无入霍氏禁闼，卒不得遂其谋，皆雠有功。,待审,,,
漢書,第四十章:霍光金日磾传,mirror,data/raw/mirror/漢書/传/第四十章-霍光金日磾传.txt,含侍中,,上奇焉，即日赐汤沐衣冠，拜为马监，迁侍中、驸马都尉、光禄大夫。,待审,,,
漢書,第四十章:霍光金日磾传,mirror,data/raw/mirror/漢書/传/第四十章-霍光金日磾传.txt,含侍中,,日磾两子，赏、建，俱侍中，与昭帝略同年，共卧起。,待审,,,
漢書,第四十章:霍光金日磾传,mirror,data/raw/mirror/漢書/传/第四十章-霍光金日磾传.txt,含侍中,,安上字子侯，少为侍中，惇笃有智，宣帝爰之。,待审,,,
漢書,第四十章:霍光金日磾传,mirror,data/raw/mirror/漢書/传/第四十章-霍光金日磾传.txt,含侍中,,元帝为太子时，敞为中庶子，幸有宠，帝即位，为骑都尉光禄大夫、中郎将侍中。,待审,,,
漢書,第四十章:霍光金日磾传,mirror,data/raw/mirror/漢書/传/第四十章-霍光金日磾传.txt,含侍中,,敞子涉本为左曹，上拜涉为侍中，使待幸绿车载送卫尉舍。,待审,,,
漢書,第四十章:霍光金日磾传,mirror,data/raw/mirror/漢書/传/第四十章-霍光金日磾传.txt,含侍中,,成帝时为侍中、骑都尉，领三辅胡、越骑。,待审,,,
漢書,第四十章:霍光金日磾传,mirror,data/raw/mirror/漢書/传/第四十章-霍光金日磾传.txt,含侍中,,涉两子，汤、融，皆侍中、诸曹、将、大夫。,待审,,,
漢書,第四十章:霍光金日磾传,mirror,data/raw/mirror/漢書/传/第四十章-霍光金日磾传.txt,含侍中,,徙光禄大夫、侍中，秩中二千石，封都成侯。,待审,,,
漢書,第四十章:霍光金日磾传,mirror,data/raw/mirror/漢書/传/第四十章-霍光金日磾传.txt,含侍中,,时，王莽新诛平帝外家卫氏，召明礼少府宗伯凤入说为人后之宜，白令公卿、将军、侍中、朝臣并听，欲以内厉平帝而外塞百姓之议。,待审,,,
漢書,第四章:韩彭英卢吴传,mirror,data/raw/mirror/漢書/传/第四章-韩彭英卢吴传.txt,含侍中,,及高祖初起沛，绾以客从，入汉为将军，常侍中。,待审,,,
漢書,第七章:郊祀志上,mirror,data/raw/mirror/漢書/志/第七章-郊祀志上.txt,含侍中,,至乙卯，令侍中儒者皮弁缙绅，射牛行事。,待审,,,
漢書,第七章:郊祀志上,mirror,data/raw/mirror/漢書/志/第七章-郊祀志上.txt,含侍中,,礼毕，天子独与侍中泰车子侯上泰山，亦有封。,待审,,,
漢書,第九章:天文志,mirror,data/raw/mirror/漢書/志/第九章-天文志.txt,含侍中,,四年，故大将军霍光夫人显、将军霍禹、范明友、奉车霍山及诸昆弟宾婚为侍中、诸曹、九卿、郡守皆谋反，咸伏其辜。,待审,,,
漢書,第六章:食货志下,mirror,data/raw/mirror/漢書/志/第六章-食货志下.txt,含侍中,,以心计，年十三侍中。,待审,,,
漢書,第十一章:五行志中之上,mirror,data/raw/mirror/漢書/志/第十一章-五行志中之上.txt,含侍中,,永光二年，阳平顷侯禁薨，子凤嗣侯，为侍中卫尉。,待审,,,
漢書,第十三章:五行志下之上,mirror,data/raw/mirror/漢書/志/第十三章-五行志下之上.txt,含侍中,董,后侍中董贤年二十二为大司马，居上公之位，天下不宗。,待审,,,
漢書,第十八章:艺文志,mirror,data/raw/mirror/漢書/志/第十八章-艺文志.txt,含侍中,,会向卒，哀帝复使向子侍中奉车都尉歆卒父业。,待审,,,
漢書,第十八章:艺文志,mirror,data/raw/mirror/漢書/志/第十八章-艺文志.txt,含侍中,,侍中徐博赋四篇。,待审,,,
漢書,第七章:武帝纪,mirror,data/raw/mirror/漢書/纪/第七章-武帝纪.txt,含侍中,,侍中仆射莽河罗与弟重合侯通谋反，侍中驸马都尉金日磾、奉车都尉霍光、骑都尉上官桀讨之。,待审,,,
漢書,第九章:宣帝纪,mirror,data/raw/mirror/漢書/纪/第九章-宣帝纪.txt,含侍中,,侍中尚书功劳当迁及有异善，厚加赏赐，至于子孙，终不改易。,待审,,,
漢書,第九章:宣帝纪,mirror,data/raw/mirror/漢書/纪/第九章-宣帝纪.txt,含侍中,,又曰：“朕微眇时，御史大夫丙吉，中郎将史曾、史玄、长乐卫尉许舜、侍中光禄大夫许延寿皆与朕有旧恩。,待审,,,
漢書,第九章:宣帝纪,mirror,data/raw/mirror/漢書/纪/第九章-宣帝纪.txt,含侍中,,’封贺所子弟子侍中中郎将彭祖为阳都侯，追赐贺谥曰阳都哀侯。,待审,,,
漢書,第八章:昭帝纪,mirror,data/raw/mirror/漢書/纪/第八章-昭帝纪.txt,含侍中,,以侍中奉车都尉霍光为大司马大将军，受遗诏辅少主。,待审,,,
漢書,第十一章:成帝纪,mirror,data/raw/mirror/漢書/纪/第十一章-成帝纪.txt,复合官名,,赖侍中史丹护太子家，辅助有力，上亦以先帝尤爱太子，故得无废。,待审,,,
漢書,第十一章:成帝纪,mirror,data/raw/mirror/漢書/纪/第十一章-成帝纪.txt,含侍中,,以元舅侍中卫尉阳平侯王凤为大司马大将军，领尚书事。,待审,,,
漢書,第十一章:成帝纪,mirror,data/raw/mirror/漢書/纪/第十一章-成帝纪.txt,含侍中,,五月，封舅曼子侍中骑都尉光禄大夫王莽为新都侯。,待审,,,
漢書,第十一章:成帝纪,mirror,data/raw/mirror/漢書/纪/第十一章-成帝纪.txt,含侍中,,侍中卫尉长数白宜早止，徙家反故处。,待审,,,
漢書,第十一章:成帝纪,mirror,data/raw/mirror/漢書/纪/第十一章-成帝纪.txt,含侍中,,二月，封侍中卫尉淳于长为定陵侯。,待审,,,
漢書,第十二章:哀帝纪,mirror,data/raw/mirror/漢書/纪/第十二章-哀帝纪.txt,含侍中,,追谥满父忠为平周怀侯，皇后父晏为孔乡侯，皇太后弟侍中光禄大夫赵钦为新成侯。,待审,,,
漢書,第十二章:哀帝纪,mirror,data/raw/mirror/漢書/纪/第十二章-哀帝纪.txt,含侍中,,侍中骑都尉新成侯赵钦、成阳侯赵皆有罪，免为庶人，徙辽西。,待审,,,
漢書,第十二章:哀帝纪,mirror,data/raw/mirror/漢書/纪/第十二章-哀帝纪.txt,含侍中,傅,二月，封帝太太后从弟侍中傅商为汝昌侯，太后同母弟子侍中郑业为阳信侯。,待审,,,
漢書,第十二章:哀帝纪,mirror,data/raw/mirror/漢書/纪/第十二章-哀帝纪.txt,含侍中,,三月，侍中驸马都尉董贤、光禄大夫息夫躬、南阳太守孙宠皆以告东平王封列侯。,待审,,,
漢書,第十章:元帝纪,mirror,data/raw/mirror/漢書/纪/第十章-元帝纪.txt,含侍中,,三月，封皇太后兄侍中中郎将王舜为安平侯。,待审,,,
漢書,第十章:元帝纪,mirror,data/raw/mirror/漢書/纪/第十章-元帝纪.txt,含侍中,,赞曰：臣外祖兄弟为元帝侍中，语臣曰：元帝多材艺，善史书。,待审,,,
漢書,第八章:百官公卿表上,mirror,data/raw/mirror/漢書/表/第八章-百官公卿表上.txt,含侍中,,仆射，秦官，自侍中、尚书、博士、郎皆有。,待审,,,
漢書,第八章:百官公卿表上,mirror,data/raw/mirror/漢書/表/第八章-百官公卿表上.txt,含侍中,,侍中、左右曹、诸吏、散骑、中常侍，皆加官，所加或列侯、将军、卿大夫、将、都尉、尚书、太医、太官令至郎中，亡员，多至数十人。,待审,,,
漢書,第八章:百官公卿表上,mirror,data/raw/mirror/漢書/表/第八章-百官公卿表上.txt,含侍中,,侍中、中常侍得入禁中，诸曹受尚书事，诸吏得举法，散骑骑并乘舆车。,待审,,,
三國志,01,wiki,data/raw/三國志/卷01.txt,含侍中,,侍中太史令王立曰：「自去春太白犯鎮星於牛斗，過天津，熒惑又逆行守北河，不可犯也。,待审,,,
三國志,01,wiki,data/raw/三國志/卷01.txt,含侍中,,少受業於鄭玄，建安初爲侍中。,待审,,,
三國志,01,wiki,data/raw/三國志/卷01.txt,含侍中,,十一月，初置尚書、侍中、六卿。,待审,,,
三國志,01,wiki,data/raw/三國志/卷01.txt,含侍中,,（注：《魏氏春秋》曰：以荀攸爲尚書令，涼茂爲僕射，毛玠、崔琰、常林、徐奕、何夔爲尚書，王粲、杜襲、衞覬、和洽爲侍中。,待审,,,
三國志,01,wiki,data/raw/三國志/卷01.txt,含侍中,,癸酉，二貴人至洧倉中，遣侍中丹將宂從虎賁前後駱驛往迎之。,待审,,,
三國志,01,wiki,data/raw/三國志/卷01.txt,含侍中,,乙亥，二貴人入宮，御史大夫、中二千石將大夫、議郎會殿中，魏國二卿及侍中、中郎二人，與漢公卿並升殿宴。,待审,,,
三國志,01,wiki,data/raw/三國志/卷01.txt,含侍中,王,（注：是行也，侍中王粲作五言詩以美其事，曰：「從軍有苦樂，但問所從誰。,待审,,,
三國志,01,wiki,data/raw/三國志/卷01.txt,含侍中,,受胙納神以授侍中，此爲敬恭不終實也，古者親執祭事，故吾親納于神，終抱而歸也。,待审,,,
三國志,01,wiki,data/raw/三國志/卷01.txt,含侍中,,紀字季行，少有美名，爲丞相掾，王甚敬異之，遷侍中，守少府。,待审,,,
三國志,01,wiki,data/raw/三國志/卷01.txt,含侍中,陳,」侍中陳羣、尚書桓階奏曰：「漢自安帝已來，政去公室，國統數絕，至於今者，唯有名號，尺土一民，皆非漢有，期運久已盡，歷數久已終，非適今日也。,待审,,,
三國志,02,wiki,data/raw/三國志/卷02.txt,含侍中,,使侍中守光祿勳郗慮持節奉策免溫官。,待审,,,
三國志,02,wiki,data/raw/三國志/卷02.txt,含侍中,鄭,（注：《魏略》曰：以侍中鄭稱爲武德侯傅，令曰：「龍淵、太阿出昆吾之金，和氏之璧由井里之田；,待审,,,
三國志,02,wiki,data/raw/三國志/卷02.txt,含侍中,王,」魏王侍中劉廙、辛毗、劉曄、尚書令桓階、尚書陳矯、陳羣、給事黃門侍郎王毖、董遇等言：「臣伏讀左中郎將李伏上事，考圖緯之言，以效神明之應，稽之古代，未有不然者也。,待审,,,
三國志,02,wiki,data/raw/三國志/卷02.txt,含侍中,於,」於是侍中辛毗、劉曄、散騎常侍傅巽、衞臻、尚書令桓階、尚書陳矯、陳羣、給事中博士騎都尉蘇林、董巴等奏曰：「伏見太史丞許芝上魏國受命之符；,待审,,,
三國志,02,wiki,data/raw/三國志/卷02.txt,含侍中,,臣輒與侍中常侍會議禮儀，太史官擇吉日訖，復奏。,待审,,,
三國志,02,wiki,data/raw/三國志/卷02.txt,含侍中,劉,」侍中劉廙、常侍衞臻等奏議曰：「漢氏遵唐堯公天下之議，陛下以聖德膺歷數之運，天人同忻，靡不得所，宜順靈符，速踐皇阼。,待审,,,
三國志,02,wiki,data/raw/三國志/卷02.txt,含侍中,劉,」侍中劉廙等奏曰：「伏惟陛下以大聖之純懿，當天命之歷數，觀天象則符瑞著明，考圖緯則文義煥炳，察人事則四海齊心，稽前代則異世同歸；,待审,,,
三國志,02,wiki,data/raw/三國志/卷02.txt,含侍中,劉,」侍中劉廙等奏曰：「臣等聞聖帝不違時，明主不逆人，故易稱通天下之志，斷天下之疑。,待审,,,
三國志,02,wiki,data/raw/三國志/卷02.txt,含侍中,劉,」相國華歆、太尉賈詡、御史大夫王朗及九卿上言曰：「臣等被召到，伏見太史丞許芝、左中郎將李伏所上圖讖、符命，侍中劉廙等宣叙衆心，人靈同謀。,待审,,,
三國志,02,wiki,data/raw/三國志/卷02.txt,含侍中,,今遣守尚書令侍中覬喻，王其速陟帝位，以順天人之心，副朕之大願。,待审,,,
三國志,02,wiki,data/raw/三國志/卷02.txt,含侍中,,拜權爲侍中鎮南將軍，封列侯，即日召使驂乘；,待审,,,
三國志,03,wiki,data/raw/三國志/卷03.txt,含侍中,,」每朝宴會同，與侍中近臣並列帷幄。,待审,,,
三國志,03,wiki,data/raw/三國志/卷03.txt,含侍中,劉,居數日，獨見侍中劉曄，語盡日。,待审,,,
三國志,03,wiki,data/raw/三國志/卷03.txt,含侍中,,其高選博士，才任侍中常侍者。,待审,,,
三國志,03,wiki,data/raw/三國志/卷03.txt,复合官名,,三公九卿侍中尚書，天下至德，皆知非道而不敢言者，以陛下春秋方剛，心畏雷霆。,待审,,,
三國志,04,wiki,data/raw/三國志/卷04.txt,含侍中,,【正始元年】春二月乙丑，加侍中中書監劉放、侍中中書令孫資為左右光祿大夫。,待审,,,
三國志,04,wiki,data/raw/三國志/卷04.txt,含侍中,,」於是乃與羣臣共為奏永寧宮曰：「守尚書令太尉長社侯臣孚、大將軍武陽侯臣師、司徒萬歲亭侯臣柔、司空文陽亭侯臣冲、行征西安東將軍新城侯臣昭、光祿大夫關內侯臣邕、太常臣晏、衞尉昌邑侯臣偉、太僕臣嶷、廷尉定陵侯臣毓、大鴻臚臣芝、大司農臣祥、少府臣袤、永寧衞尉臣楨、永寧太僕臣閣、大長秋臣模、司隷校尉潁昌侯臣曾、河南尹蘭陵侯臣肅、城門校尉臣慮、中護軍永安亭侯臣望、武衞將軍安壽亭侯臣演、中堅將軍平原侯臣德、中壘將軍昌武亭侯臣廙、屯騎校尉關內侯臣陔、步兵校尉臨晉侯臣建、射聲校尉安陽鄉侯臣溫、越騎校尉睢陽侯臣初、長水校尉關內侯臣超、侍中臣小同、臣顗、臣酆、博平侯臣表、侍中中書監安陽亭侯臣誕、散騎常侍臣瓌、臣儀、關內侯臣芝、尚書僕射光祿大夫高樂亭侯臣毓、尚書關內侯臣觀、臣嘏、長合鄉侯臣亮、臣贊、臣騫、中書令臣康、御史中丞臣鈐、博士臣範、臣峻等稽首言：臣等聞天子者，所以濟育羣生，永安萬國，三祖勳烈，光被六合。,待审,,,
三國志,04,wiki,data/raw/三國志/卷04.txt,含侍中,,使中護軍望、兼太常河南尹肅持節，與少府袤、尚書亮、侍中表等奉法駕，迎公于元城。,待审,,,
三國志,04,wiki,data/raw/三國志/卷04.txt,含侍中,,【正元元年】冬十月壬辰，遣侍中持節分適四方，觀風俗，勞士民，察冤枉失職者。,待审,,,
三國志,04,wiki,data/raw/三國志/卷04.txt,含侍中,鄭,九月庚子，講尚書業終，賜執經親授者司空鄭冲、侍中鄭小同等各有差。,待审,,,
三國志,04,wiki,data/raw/三國志/卷04.txt,含侍中,,（注：《魏氏春秋》曰：二月丙辰，帝宴羣臣於太極東堂，與侍中荀顗、尚書崔贊、袁亮、鍾毓、給事中中書令虞松等並講述禮典，遂言帝王優劣之差。,待审,,,
三國志,04,wiki,data/raw/三國志/卷04.txt,含侍中,王,」傅暢《晉諸公贊》曰：帝常與中護軍司馬望、侍中王沈、散騎常侍裴秀、黃門侍郎鍾會等講宴於東堂，并屬文論。,待审,,,
三國志,04,wiki,data/raw/三國志/卷04.txt,含侍中,,侍中和逌、尚書陳騫等作詩稽留，有司奏免官，詔曰：「吾以暗昧，愛好文雅，廣延詩賦，以知得失，而乃爾紛紜，良用反仄。,待审,,,
三國志,04,wiki,data/raw/三國志/卷04.txt,含侍中,,其以壹為侍中車騎將軍、假節、交州牧、吳侯，開府辟召儀同三司，依古侯伯八命之禮，衮冕赤舄，事從豐厚。,待审,,,
三國志,04,wiki,data/raw/三國志/卷04.txt,含侍中,王,乃召侍中王沈、尚書王經、散騎常侍王業，謂曰：「司馬昭之心，路人所知也。,待审,,,
三國志,04,wiki,data/raw/三國志/卷04.txt,含侍中,王,事已覺露，直欲因際會舉兵入西宮殺吾，出取大將軍，呼侍中王沈、散騎常侍王業、（注：《世語》曰：業，武陵人，後為晉中護軍。,待审,,,
三國志,05,wiki,data/raw/三國志/卷05.txt,含侍中,,溫本國侯，進為輔國大將軍，加侍中，領射聲校尉，德鎮軍大將軍。,待审,,,
三國志,05,wiki,data/raw/三國志/卷05.txt,含侍中,,德暮年官更轉為宗正，遷侍中。,待审,,,
三國志,05,wiki,data/raw/三國志/卷05.txt,含侍中,,世祖以此望德，由此出德為大鴻臚，加侍中、光祿大夫，尋疾薨，贈中軍大將軍，開府侍中如故，諡恭公，子喜嗣。,待审,,,
三國志,05,wiki,data/raw/三國志/卷05.txt,含侍中,,喜精粹有器美，歷中書郎、右衛將軍、侍中，位至輔國大將軍，加散騎常侍。,待审,,,
三國志,06,wiki,data/raw/三國志/卷06.txt,含侍中,,」卓怒，罷坐，欲誅植，侍中蔡邕勸之，得免。,待审,,,
三國志,06,wiki,data/raw/三國志/卷06.txt,含侍中,,後大將軍何進辟爲東曹屬，稍遷侍中、河南尹、越騎校尉。,待审,,,
三國志,06,wiki,data/raw/三國志/卷06.txt,含侍中,,兄子璜爲侍中中軍校尉典兵；,待审,,,
三國志,06,wiki,data/raw/三國志/卷06.txt,含侍中,,後遷巴東太守，卓上留拜侍中，至長安爲左中郎將。,待审,,,
三國志,06,wiki,data/raw/三國志/卷06.txt,含侍中,馬,侍中馬宇與諫議大夫种邵、左中郎將劉範等謀，欲使騰襲長安，己爲內應，以誅傕等。,待审,,,
三國志,06,wiki,data/raw/三國志/卷06.txt,含侍中,楊,侍中楊琦上封事曰：「傕，邊鄙之人，習於夷風，今又自知所犯悖逆，常有怏怏之色，欲輔車駕幸黃白城以紓其憤。,待审,,,
三國志,06,wiki,data/raw/三國志/卷06.txt,含侍中,,帝聞溫與傕書，問侍中常洽曰：「傕弗知臧否，溫言太切，可爲寒心。,待审,,,
三國志,06,wiki,data/raw/三國志/卷06.txt,含侍中,,侍中、侍郎見傕帶仗，皆惶恐，亦帶劒持刀，先入在帝側。,待审,,,
三國志,06,wiki,data/raw/三國志/卷06.txt,含侍中,李,侍中李禎，傕州里，素與傕通，語傕「所以持刀者，軍中不可不爾，此國家故事」。,待审,,,
三國志,06,wiki,data/raw/三國志/卷06.txt,含侍中,,侍中胡邈爲傕所幸，呼傳詔者令飾其辭。,待审,,,
三國志,06,wiki,data/raw/三國志/卷06.txt,含侍中,劉,傕兵數百人皆持大戟在乘輿車左右，侍中劉艾大呼云：「是天子也。,待审,,,
三國志,06,wiki,data/raw/三國志/卷06.txt,含侍中,楊,」使侍中楊琦高舉車帷。,待审,,,
三國志,06,wiki,data/raw/三國志/卷06.txt,含侍中,,諸將或遣婢詣省閤，或自齎酒啖，過天子飲，侍中不通，喧呼罵詈，遂不能止。,待审,,,
三國志,06,wiki,data/raw/三國志/卷06.txt,含侍中,周,侍中周毖、城門校尉伍瓊、議郎何顒等，皆名士也，卓信之，而陰爲紹，乃說卓曰：「夫廢立大事，非常人所及。,待审,,,
三國志,06,wiki,data/raw/三國志/卷06.txt,含侍中,,」表遂使之，果如所言，天子拜嵩侍中，遷零陵太守，還稱朝廷、曹公之德也。,待审,,,
三國志,06,wiki,data/raw/三國志/卷06.txt,含侍中,,文帝時爲侍中，太和中卒，巽在荊州，目龐統爲半英雄，證裴潛終以清行顯；,待审,,,
三國志,06,wiki,data/raw/三國志/卷06.txt,含侍中,,）羲，侍中；,待审,,,
三國志,08,wiki,data/raw/三國志/卷08.txt,含侍中,,）虞子和為侍中，在長安。,待审,,,
三國志,08,wiki,data/raw/三國志/卷08.txt,含侍中,,侍中辛毗、劉曄等在兵後，語惇、褚，言『官兵已據得賊要屯，賊已散走』。,待审,,,
三國志,09,wiki,data/raw/三國志/卷09.txt,复合官名,,楙歷位侍中尚書、安西鎮東將軍，假節。,待审,,,
三國志,09,wiki,data/raw/三國志/卷09.txt,含侍中,,父炽，侍中、長水校尉。,待审,,,
三國志,09,wiki,data/raw/三國志/卷09.txt,含侍中,,帝使侍中夺喪服，使饮酒食肉，休受詔而形体益憔悴。,待审,,,
三國志,09,wiki,data/raw/三國志/卷09.txt,含侍中,,明帝崩，齊王即位，加爽侍中，改封武安侯，邑萬二千戶，賜劒履上殿，入朝不趨，贊拜不名。,待审,,,
三國志,09,wiki,data/raw/三國志/卷09.txt,含侍中,許,侍中許允、尚書陳泰說爽，使早自歸罪。,待审,,,
三國志,09,wiki,data/raw/三國志/卷09.txt,复合官名,,正始初，乃出爲潁川太守，轉大將軍長史，遷侍中尚書。,待审,,,
三國志,09,wiki,data/raw/三國志/卷09.txt,复合官名,,」至正始中，入爲中護軍，轉侍中尚書，遷司隷校尉。,待审,,,
三國志,09,wiki,data/raw/三國志/卷09.txt,复合官名,,至正始初，曲合於曹爽，亦以才能，故爽用爲散騎侍郎，遷侍中尚書。,待审,,,
三國志,09,wiki,data/raw/三國志/卷09.txt,复合官名,,正始中，遷侍中尚書僕射。,待审,,,
三國志,09,wiki,data/raw/三國志/卷09.txt,复合官名,,允刑竟復吏，出爲郡守，稍遷爲侍中尚書中領軍。,待审,,,
三國志,09,wiki,data/raw/三國志/卷09.txt,含侍中,,允前爲侍中，顧當與帝別，涕泣歔欷。,待审,,,
三國志,09,wiki,data/raw/三國志/卷09.txt,含侍中,,奇子遐，字思祖，以清尚稱，位至侍中。,待审,,,
三國志,10,wiki,data/raw/三國志/卷10.txt,含侍中,,天子拜太祖大將軍，進彧爲漢侍中，守尚書令。,待审,,,
三國志,10,wiki,data/raw/三國志/卷10.txt,含侍中,,侍中守尚書令彧，積德累行，少長無悔，遭世紛擾，懷忠念治。,待审,,,
三國志,10,wiki,data/raw/三國志/卷10.txt,含侍中,,建安初爲祕書監侍中，被詔刪《漢書》作《漢紀》三十篇，因事以明臧否，致有典要；,待审,,,
三國志,10,wiki,data/raw/三國志/卷10.txt,含侍中,,會-{征}-孫權，表請彧勞軍-{于}-譙，因輒留彧，以侍中光祿大夫持節，參丞相軍事。,待审,,,
三國志,10,wiki,data/raw/三國志/卷10.txt,含侍中,,{{*|《荀氏家傳》曰：愷，晉武帝時爲侍中。,待审,,,
三國志,10,wiki,data/raw/三國志/卷10.txt,含侍中,,-{干}-寶《晉紀》曰：武帝使侍中荀顗、和嶠倶至東宮，觀察太子。,待审,,,
三國志,10,wiki,data/raw/三國志/卷10.txt,含侍中,,臣-{松}-之案和嶠爲侍中，荀顗亡沒久矣。,待审,,,
三國志,10,wiki,data/raw/三國志/卷10.txt,含侍中,,荀勗位亞-{台}-司，不與嶠同班，無縁方稱侍中。,待审,,,
三國志,10,wiki,data/raw/三國志/卷10.txt,含侍中,,攸與議郎鄭泰、何顒、侍中-{种}-輯、越騎校尉伍瓊等謀曰：「董卓無道，甚-{於}-桀紂，天下皆怨之，雖資彊兵，實一匹夫耳。,待审,,,
三國志,11,wiki,data/raw/三國志/卷11.txt,含侍中,,上使侍中宣意曰：『君守平原日淺，故復試君三輔，非有所閒也。,待审,,,
三國志,11,wiki,data/raw/三國志/卷11.txt,含侍中,孫,【正始二年】，太僕陶丘一、永寧衞尉孟觀、侍中孫邕、中書侍郎王基薦寧曰：,待审,,,
三國志,11,wiki,data/raw/三國志/卷11.txt,含侍中,,侍中峻、河南尹純，皆遁之子，豫州牧長史顗，遁之孫，太尉文康公亮、司空冰皆遁之曾孫，貴達至今。,待审,,,
三國志,11,wiki,data/raw/三國志/卷11.txt,含侍中,,侍中韋誕駮曰：「禮賢徵士，王政之所重也，古者考行於鄉。,待审,,,
三國志,12,wiki,data/raw/三國志/卷12.txt,复合官名,,文帝踐阼，爲侍中尚書僕射，賜爵关内侯，出爲司隸校尉，徙太常。,待审,,,
三國志,12,wiki,data/raw/三國志/卷12.txt,含侍中,,{{*|《魏書》曰：信父丹，官至少府侍中，世以儒雅顯。,待审,,,
三國志,12,wiki,data/raw/三國志/卷12.txt,含侍中,,【延康元年】，太祖崩，太子即王位，勛以驸馬都尉兼侍中。,待审,,,
三國志,12,wiki,data/raw/三國志/卷12.txt,含侍中,劉,』侍中劉晔對曰：『獵勝於樂。,待审,,,
三國志,12,wiki,data/raw/三國志/卷12.txt,含侍中,,』太尉锺繇、司徒華歆、镇軍大將軍陳羣、侍中辛毗、尚書卫臻、守廷尉高柔等並表『勛父信有功於太祖』，求请勛罪。,待审,,,
三國志,13,wiki,data/raw/三國志/卷13.txt,复合官名,,拜御史中丞，遷侍中尚書僕射，并錄前功封東武亭侯。,待审,,,
三國志,13,wiki,data/raw/三國志/卷13.txt,含侍中,,乃表繇以侍中守司隷校尉，持節督關中諸軍，委之以後事，特使不拘科制。,待审,,,
三國志,13,wiki,data/raw/三國志/卷13.txt,含侍中,,謹按侍中守司隷校尉東武亭侯鍾繇，幸得蒙恩，以斗筲之才，仍見拔擢，顯從近密，銜命督使。,待审,,,
三國志,13,wiki,data/raw/三國志/卷13.txt,含侍中,,後以失爽意，徙侍中，出爲魏郡太守。,待审,,,
三國志,13,wiki,data/raw/三國志/卷13.txt,含侍中,,爽旣誅，入爲御史中丞、侍中廷尉。,待审,,,
三國志,13,wiki,data/raw/三國志/卷13.txt,含侍中,,歆至，拜議郎，參司空軍事，入爲尚書，轉侍中，代荀彧爲尚書令。,待审,,,
三國志,13,wiki,data/raw/三國志/卷13.txt,含侍中,,頃之，爲侍中，遷太常。,待审,,,
三國志,13,wiki,data/raw/三國志/卷13.txt,含侍中,,歷河南尹、侍中，所居有稱。,待审,,,
三國志,13,wiki,data/raw/三國志/卷13.txt,含侍中,,明帝時，入爲侍中、大司農。,待审,,,
三國志,14,wiki,data/raw/三國志/卷14.txt,复合官名,,今外有公卿將校總統諸署，內有侍中尚書綜理萬機，司隸校尉督察京輦，御史中丞董攝宮殿，皆高選賢才以充其職，申明科詔以督其違。,待审,,,
三國志,14,wiki,data/raw/三國志/卷14.txt,含侍中,,二年，分邑百戶，賜昭弟訪爵關內侯，徙昭為侍中。,待审,,,
三國志,14,wiki,data/raw/三國志/卷14.txt,含侍中,,【黃初元年】，以曄為侍中，賜爵關內侯。,待审,,,
三國志,14,wiki,data/raw/三國志/卷14.txt,含侍中,劉,臣言誠不足採，侍中劉曄先帝謀臣，常曰蜀不可伐。,待审,,,
三國志,14,wiki,data/raw/三國志/卷14.txt,含侍中,,初，侍中高堂隆論郊祀事，以魏為舜後，推舜配天。,待审,,,
三國志,14,wiki,data/raw/三國志/卷14.txt,含侍中,,是歲，俱加侍中、光祿大夫。,待审,,,
三國志,14,wiki,data/raw/三國志/卷14.txt,含侍中,,」）曹爽誅後，復以資為侍中，領中書令。,待审,,,
三國志,14,wiki,data/raw/三國志/卷14.txt,含侍中,,）資复遜位歸第，就拜驃騎將軍，轉侍中，特進如故。,待审,,,
三國志,15,wiki,data/raw/三國志/卷15.txt,含侍中,,帝令侍中贊引，呼「隴西太守前」，楚當言「唯」，而大應稱「諾」。,待审,,,
三國志,15,wiki,data/raw/三國志/卷15.txt,含侍中,,文帝践阼，以恢爲侍中，出爲魏郡太守。,待审,,,
三國志,16,wiki,data/raw/三國志/卷16.txt,含侍中,,徵拜侍中，与董昭同寮。,待审,,,
三國志,16,wiki,data/raw/三國志/卷16.txt,含侍中,傅,侍中傅巽掐（注：音苦洽反。,待审,,,
三國志,16,wiki,data/raw/三國志/卷16.txt,含侍中,,（注：《魏略》曰：旧仪，侍中亲省起居，故俗谓之执虎子。,待审,,,
三國志,16,wiki,data/raw/三國志/卷16.txt,含侍中,傅,侍中傅巽目之，乃悟。,待审,,,
三國志,16,wiki,data/raw/三國志/卷16.txt,含侍中,耿,荀彧进之太祖，（注：《傅子》曰：畿自荆州还，后至许，见侍中耿纪，语终夜。,待审,,,
三國志,16,wiki,data/raw/三國志/卷16.txt,含侍中,於,每政有得失，常引纲维以正言，於是侍中辛毗等器重之。,待审,,,
三國志,16,wiki,data/raw/三國志/卷16.txt,含侍中,,使侍中、尚书坐则侍帷幄，行则从华辇，亲对诏问，所陈必达，则群臣之行，能否皆可得而知；,待审,,,
三國志,17,wiki,data/raw/三國志/卷17.txt,含侍中,,帝遣侍中{{ProperNoun|劉曄}}將太醫視疾，虎賁問消息，道路相屬。,待审,,,
三國志,18,wiki,data/raw/三國志/卷18.txt,含侍中,,重子式，字景則，官至侍中。,待审,,,
三國志,21,wiki,data/raw/三國志/卷21.txt,含侍中,,魏國旣建，拜侍中。,待审,,,
三國志,21,wiki,data/raw/三國志/卷21.txt,含侍中,王,魏侍中王粲識舊珮，始復作之。,待审,,,
三國志,21,wiki,data/raw/三國志/卷21.txt,含侍中,,璩官至侍中。,待审,,,
三國志,21,wiki,data/raw/三國志/卷21.txt,含侍中,,齊王即位，稍遷侍中、大將軍長史。,待审,,,
三國志,21,wiki,data/raw/三國志/卷21.txt,含侍中,,復爲侍中，典著作。,待审,,,
三國志,21,wiki,data/raw/三國志/卷21.txt,含侍中,,以侍中從惠帝北伐成都王，王師敗績，百官奔走，惟紹獨以身扞衞，遂死於帝側。,待审,,,
三國志,21,wiki,data/raw/三國志/卷21.txt,含侍中,,」【太和四年】，入爲侍中。,待审,,,
三國志,21,wiki,data/raw/三國志/卷21.txt,含侍中,,）魏國旣建，拜侍中，與王粲並典制度。,待审,,,
三國志,21,wiki,data/raw/三國志/卷21.txt,含侍中,,文帝即王位，爲侍中，賜爵關內侯。,待审,,,
三國志,21,wiki,data/raw/三國志/卷21.txt,含侍中,,時舉斐任侍中，並無所就。,待审,,,
三國志,21,wiki,data/raw/三國志/卷21.txt,含侍中,,建安中，爲郡上計吏，特拜郎中，稍遷侍中中書監，以光祿大夫遜位，年七十五卒於家。,待审,,,
三國志,21,wiki,data/raw/三國志/卷21.txt,含侍中,,太和中，誕爲武都太守，以能書留補侍中，魏氏寶器銘題皆誕書云。,待审,,,
三國志,21,wiki,data/raw/三國志/卷21.txt,复合官名,,伯父巽，黃初中爲侍中尚書。,待审,,,
三國志,22,wiki,data/raw/三國志/卷22.txt,含侍中,,魏國初建，爲虎賁中郎將侍中。,待审,,,
三國志,22,wiki,data/raw/三國志/卷22.txt,含侍中,,文帝践阼，遷尚書令，封高鄉亭侯，加侍中。,待审,,,
三國志,22,wiki,data/raw/三國志/卷22.txt,含侍中,,纪历位平原相、侍中、大鸿胪，著书数十篇，世谓之陈子。,待审,,,
三國志,22,wiki,data/raw/三國志/卷22.txt,含侍中,,羣转爲侍中，领丞相东西曹掾。,待审,,,
三國志,22,wiki,data/raw/三國志/卷22.txt,含侍中,,及践阼，遷尚書仆射，加侍中，徙尚書令，进爵颖鄉侯。,待审,,,
三國志,22,wiki,data/raw/三國志/卷22.txt,含侍中,,後徵泰爲尚書右仆射，典選舉，加侍中光禄大夫。,待审,,,
三國志,22,wiki,data/raw/三國志/卷22.txt,含侍中,,”）加侍中光禄大夫，遷司徒。,待审,,,
三國志,22,wiki,data/raw/三國志/卷22.txt,含侍中,,帝遂以宣爲左仆射，後加侍中灌禄大夫。,待审,,,
三國志,22,wiki,data/raw/三國志/卷22.txt,含侍中,,」遷尚書，转侍中吏部尚書。,待审,,,
三國志,22,wiki,data/raw/三國志/卷22.txt,含侍中,,明帝即位，进封康鄉侯，後转爲右仆射，典選舉，如前加侍中。,待审,,,
三國志,22,wiki,data/raw/三國志/卷22.txt,含侍中,,稍迁侍中、尚书。,待审,,,
三國志,22,wiki,data/raw/三國志/卷22.txt,含侍中,,【青龍二年】，入爲侍中。,待审,,,
三國志,22,wiki,data/raw/三國志/卷22.txt,含侍中,,及侍中高堂隆數以宫室事切諫，帝不悦，毓进曰：「臣聞君明則臣直，古之圣王恐不聞其过，故有敢諫之鼓。,待审,,,
三國志,22,wiki,data/raw/三國志/卷22.txt,含侍中,,侍中毓禀性贞固，心平体正，可謂明试有功，不懈于位者也。,待审,,,
三國志,22,wiki,data/raw/三國志/卷22.txt,含侍中,,時曹爽秉权，將树其黨，徙毓仆射，以侍中何晏代毓。,待审,,,
三國志,22,wiki,data/raw/三國志/卷22.txt,含侍中,,毌丘俭作乱，大將軍司马景王出征，毓纲纪後事，加侍中。,待审,,,
三國志,23,wiki,data/raw/三國志/卷23.txt,含侍中,,魏國既建，爲侍中，後有白毛玠謗毀太祖，太祖見近臣，怒甚。,待审,,,
三國志,23,wiki,data/raw/三國志/卷23.txt,含侍中,,和侍中比求實之，所以不聽，欲重參之耳。,待审,,,
三國志,23,wiki,data/raw/三國志/卷23.txt,含侍中,,魏國既建，爲侍中，與王粲、和洽並用。,待审,,,
三國志,23,wiki,data/raw/三國志/卷23.txt,含侍中,,文帝即王位，爲侍中。,待审,,,
三國志,23,wiki,data/raw/三國志/卷23.txt,复合官名,,歷位太子中庶子、侍中尚書。,待审,,,
三國志,23,wiki,data/raw/三國志/卷23.txt,含侍中,,次楷，字叔則，侍中中書令、光祿大夫、開府。,待审,,,
三國志,23,wiki,data/raw/三國志/卷23.txt,含侍中,王,晉元帝爲安東將軍，郃爲長史，侍中王曠與司馬越書曰：「裴郃在此，雖不治事，然識量弘淹，此下人士大敬附之。,待审,,,
三國志,23,wiki,data/raw/三國志/卷23.txt,含侍中,鄭,馮翊甲族桓、田、吉、郭及故侍中鄭文信等，頗以其各有器實，共紀識之。,待审,,,
三國志,24,wiki,data/raw/三國志/卷24.txt,含侍中,,充無後，以壽子謐為嗣，弱冠為祕書監侍中，性驕佚而才出壽。,待审,,,
三國志,24,wiki,data/raw/三國志/卷24.txt,含侍中,,（注：《魏名臣奏》載侍中辛毗奏曰：「昔桓階為尚書令，以崔林非尚書才，遷以為河間太守。,待审,,,
三國志,25,wiki,data/raw/三國志/卷25.txt,含侍中,,文帝踐阼，遷侍中，賜爵關內侯。,待审,,,
三國志,25,wiki,data/raw/三國志/卷25.txt,含侍中,劉,文帝問侍中劉曄等：「武都太守何如人也？,待审,,,
三國志,25,wiki,data/raw/三國志/卷25.txt,含侍中,,遷侍中，猶領太史令。,待审,,,
三國志,27,wiki,data/raw/三國志/卷27.txt,含侍中,,茂至侍中、尚書。,待审,,,
三國志,28,wiki,data/raw/三國志/卷28.txt,含侍中,,少有能名，辟太尉府，稍歷顯位，至侍中中書令，遷為監。,待审,,,
三國志,28,wiki,data/raw/三國志/卷28.txt,含侍中,,』是時大將軍曹爽專朝政，日縱酒沉醉，會兄侍中毓宴還，言其事。,待审,,,
三國志,28,wiki,data/raw/三國志/卷28.txt,含侍中,,玫，侍中御史中丞。,待审,,,
三國志,29,wiki,data/raw/三國志/卷29.txt,含侍中,,平子雖為侍中，馬先生雖給事省中，俱不典工官，巧無益於世。,待审,,,
三國志,29,wiki,data/raw/三國志/卷29.txt,含侍中,,璩六十一為侍中，直省內，欻見白狗，問之眾人，悉無見者。,待审,,,
三國志,29,wiki,data/raw/三國志/卷29.txt,含侍中,,子粹，字純嘏，侍中。,待审,,,
三國志,30,wiki,data/raw/三國志/卷30.txt,含侍中,,王治于賴城，魏賜其王壹多雜守魏侍中，號大都尉，受魏王印。,待审,,,
三國志,31,wiki,data/raw/三國志/卷31.txt,含侍中,,議未即行，侍中廣漢董扶私謂焉曰：「京師將亂，益州分野有天子氣。,待审,,,
三國志,31,wiki,data/raw/三國志/卷31.txt,含侍中,,」於是靈帝徵扶，即拜侍中。,待审,,,
三國志,32,wiki,data/raw/三國志/卷32.txt,含侍中,馬,）通武陵，遣侍中馬良安慰五谿蠻夷，咸相率響應。,待审,,,
三國志,33,wiki,data/raw/三國志/卷33.txt,含侍中,張,謹遣私署侍中張紹、光祿大夫譙周、駙馬都尉鄧良奉繼印綬，請命告誠，敬輸忠款，存亡敕賜，惟所裁之。,待审,,,
三國志,33,wiki,data/raw/三國志/卷33.txt,含侍中,張,尚書令樊建、侍中張紹、光祿大夫譙周、秘書令卻正、殿中督張通並封列侯。,待审,,,
三國志,35,wiki,data/raw/三國志/卷35.txt,含侍中,,侍中、侍郎郭攸之、費禕、董允等，此皆良實，志慮忠純，是以先帝簡拔以遺陛下。,待审,,,
三國志,35,wiki,data/raw/三國志/卷35.txt,含侍中,,侍中、尚書、長史、參軍，此悉貞良死節之臣，願陛下親之信之，則漢室之隆，可計日而待也。,待审,,,
三國志,35,wiki,data/raw/三國志/卷35.txt,复合官名,,臣壽等言：臣前在著作郎，侍中領中書監濟北侯臣荀勖、中書令關內侯臣和嶠奏：使臣定故蜀丞相諸葛亮故事。,待审,,,
三國志,35,wiki,data/raw/三國志/卷35.txt,含侍中,,其明年為羽林中郎將，屢遷射聲校尉、侍中、尚書僕射，加軍師將軍。,待审,,,
三國志,35,wiki,data/raw/三國志/卷35.txt,含侍中,,」後為侍中，守中書令。,待审,,,
三國志,36,wiki,data/raw/三國志/卷36.txt,含侍中,,弱冠為侍中、中監軍，數歲卒。,待审,,,
三國志,36,wiki,data/raw/三國志/卷36.txt,含侍中,,次子紹嗣，官至侍中尙書僕射。,待审,,,
三國志,38,wiki,data/raw/三國志/卷38.txt,含侍中,劉,進用颍川荀爽、韓融、陳紀等為公、卿、郡守，拜尚書韓馥為冀州牧，侍中劉岱為兗州剌史，颍川張咨為南陽太守，陳留孔伷為豫州剌史，東郡張邈為陳留太守，而遷靖巴郡太守，不就，補御史中丞。,待审,,,
三國志,39,wiki,data/raw/三國志/卷39.txt,含侍中,,先主稱尊號，以良為侍中。,待审,,,
三國志,39,wiki,data/raw/三國志/卷39.txt,含侍中,董,諸葛亮與長史蔣琬、侍中董允書曰：「孝起前臨至吳，為吾說正方腹中有鱗甲，鄉黨以為不可近。,待审,,,
三國志,39,wiki,data/raw/三國志/卷39.txt,含侍中,,上疏曰：「侍中郭攸之、費禕、侍郎董允等，先帝簡拔以遺陛下，至於斟酌規益，進盡忠言，則其任也。,待审,,,
三國志,39,wiki,data/raw/三國志/卷39.txt,含侍中,,」亮尋請禕為參軍，允遷為侍中，領虎賁中郎將，統宿衛親兵。,待审,,,
三國志,39,wiki,data/raw/三國志/卷39.txt,含侍中,,七年，以侍中守尚書令，為大將軍費禕副貳。,待审,,,
三國志,39,wiki,data/raw/三國志/卷39.txt,含侍中,,陳祗代允為侍中，與黃皓互相表裡，皓始預政事。,待审,,,
三國志,39,wiki,data/raw/三國志/卷39.txt,含侍中,,呂乂卒，祗又以侍中守尚書令，加鎮軍將軍，大將軍姜維雖班在祗上，常率眾在外，希親朝政。,待审,,,
三國志,40,wiki,data/raw/三國志/卷40.txt,含侍中,,二十四年，先主為漢中王，徵立為侍中。,待审,,,
三國志,40,wiki,data/raw/三國志/卷40.txt,含侍中,,中郎郭演長，從人者耳，不足與經大事，而作侍中。,待审,,,
三國志,40,wiki,data/raw/三國志/卷40.txt,含侍中,,{{ProperNoun|-{後}-主}}以問侍中{{ProperNoun|董允}}、留府長史{{ProperNoun|蔣琬}}，{{ProperNoun|琬}}、{{ProperNoun|允}}-{咸}-保{{ProperNoun|儀}}疑{{ProperNoun|延}}。,待审,,,
三國志,43,wiki,data/raw/三國志/卷43.txt,含侍中,,」文帝善之，拜為鎮南將軍，封育陽候，加侍中，使之陪乘。,待审,,,
三國志,43,wiki,data/raw/三國志/卷43.txt,含侍中,諸葛,侍中諸葛瞻，丞相亮之子，恪從弟也。,待审,,,
三國志,44,wiki,data/raw/三國志/卷44.txt,含侍中,,”）還，遷為侍中。,待审,,,
三國志,45,wiki,data/raw/三國志/卷45.txt,含侍中,,【漢安元年】，拜光祿大夫，與侍中杜喬等八人同日受詔，持節分出，案行天下貪廉，墨綬有罪便收，刺史二千石以驛表聞，威惠清忠，名振郡國，號曰八雋。,待审,,,
三國志,45,wiki,data/raw/三國志/卷45.txt,含侍中,,遷為侍中，徙尚書。,待审,,,
三國志,47,wiki,data/raw/三國志/卷47.txt,含侍中,劉,珩還言曰：「臣密參侍中劉曄，數爲賊設奸計，終不久愨。,待审,,,
三國志,47,wiki,data/raw/三國志/卷47.txt,含侍中,,故先遣使者犒勞，又遣尚書、侍中踐修前言，以定任子。,待审,,,
三國志,48,wiki,data/raw/三國志/卷48.txt,含侍中,,九月丁亥，峻卒，以從弟偏將軍綝爲侍中、武衞將軍，領中外諸軍事，召還據等。,待审,,,
三國志,48,wiki,data/raw/三國志/卷48.txt,含侍中,,」黃門不服，侍中刁玄、張邠啟：「黃門、藏吏辭語不同，請付獄推盡。,待审,,,
三國志,48,wiki,data/raw/三國志/卷48.txt,含侍中,,}}」戊戌，詔曰：「大將軍掌中外諸軍事，事統煩多，其加衞將軍御史大夫恩侍中，與大將軍分省諸事。,待审,,,
三國志,48,wiki,data/raw/三國志/卷48.txt,含侍中,,【元興元年】八月，以上大將軍施績、大將軍丁奉爲左右大司馬，張布爲驃騎將軍，加侍中，諸增位班賞，一皆如舊。,待审,,,
三國志,48,wiki,data/raw/三國志/卷48.txt,含侍中,,」旣至，車騎將軍賈充、尚書令裴秀、侍中荀勗等欲傲以所不知而不能屈。,待审,,,
三國志,48,wiki,data/raw/三國志/卷48.txt,含侍中,,（注：吳平後，晉侍中庾峻等問皓侍中李仁曰：「聞吳主披人面，刖人足，有諸乎？,待审,,,
三國志,49,wiki,data/raw/三國志/卷49.txt,含侍中,,）繇兄岱，字公山，歷位侍中，兗州刺史。,待审,,,
三國志,52,wiki,data/raw/三國志/卷52.txt,含侍中,,及登卒後，爲侍中，拜羽林都督，平三典軍事，遷揚武將軍。,待审,,,
三國志,52,wiki,data/raw/三國志/卷52.txt,含侍中,,卒，表赠侍中、骠骑将军、仪同三司。,待审,,,
三國志,52,wiki,data/raw/三國志/卷52.txt,含侍中,,後爲呉郡西部都尉，與諸葛恪等共平山越，別得精兵八千人，還屯軍章阬，拜昭義中郎將，入爲侍中。,待审,,,
三國志,52,wiki,data/raw/三國志/卷52.txt,含侍中,,闡累世在西陵，卒被-{征}-命，自以失職，又懼有讒禍，於是據城降晉，遣璣與弟璿詣洛陽爲任，晉以闡爲都督西陵諸軍事、衞將軍、儀同三司，加侍中，假節領交州牧，封宜都公。,待审,,,
三國志,53,wiki,data/raw/三國志/卷53.txt,含侍中,,）孫皓時為侍郎，以言語辯捷見知，擢為侍中、中書令。,待审,,,
三國志,57,wiki,data/raw/三國志/卷57.txt,含侍中,,育后仕朝，常在台阁，为东观令，遥拜清河太守，加位侍中，推刺占射，文艺多通。,待审,,,
三國志,57,wiki,data/raw/三國志/卷57.txt,含侍中,,仕晋，历位内外，终於卫将军，追赠侍中左光禄大夫，开府仪同三司。,待审,,,
三國志,57,wiki,data/raw/三國志/卷57.txt,含侍中,,少有倜傥之志，仕吴黄门郎，以捷对见异，超拜尚书侍中。,待审,,,
三國志,59,wiki,data/raw/三國志/卷59.txt,含侍中,,後爲侍中，出補武昌左部督，治軍整頓。,待审,,,
三國志,59,wiki,data/raw/三國志/卷59.txt,含侍中,,《江表傳》曰：登使侍中胡綜作賔友目曰：「英才卓越，超踰倫匹，則諸葛恪。,待审,,,
三國志,59,wiki,data/raw/三國志/卷59.txt,含侍中,孫,權患之，謂侍中孫峻曰：「子弟不睦，臣下分部，將有袁氏之敗，爲天下笑。,待审,,,
三國志,59,wiki,data/raw/三國志/卷59.txt,含侍中,,亮問侍中刁玄曰：「盜乘御馬罪云何？,待审,,,
三國志,60,wiki,data/raw/三國志/卷60.txt,含侍中,,齐伯父纯，儒学有重名，汉安帝时为侍中、江夏太守，去官，与江夏黄琼、〔广汉〕杨厚俱公车徵。,待审,,,
三國志,60,wiki,data/raw/三國志/卷60.txt,含侍中,,長曰：“君慕承宮，自行義事，（注：《续汉书》曰：宫字少子，琅邪人，尝在蒙阴山中耕种禾黍，临熟，人就认之，宫便推与而去，由是发名，位至左中郎将、侍中。,待审,,,
三國志,60,wiki,data/raw/三國志/卷60.txt,含侍中,,（注：会稽典录曰：牧之在濡须，深以进取可图，而不敢陈其策，与侍中东观令硃育宴，慨然叹息。,待审,,,
三國志,62,wiki,data/raw/三國志/卷62.txt,含侍中,,"""既定荊州，都武昌，拜裨將軍，後封都亭侯，守侍中。",待审,,,
三國志,62,wiki,data/raw/三國志/卷62.txt,含侍中,,後從太子還建業，復拜侍中、中執法，平諸官事、領辭訟如舊。,待审,,,
三國志,62,wiki,data/raw/三國志/卷62.txt,含侍中,,權下都建業，詳、綜並為侍中，進封鄉侯，兼左、右領軍。,待审,,,
三國志,62,wiki,data/raw/三國志/卷62.txt,含侍中,,此文既流行，而質已人為侍中矣。,待审,,,
三國志,63,wiki,data/raw/三國志/卷63.txt,含侍中,,少從漢侍中單甫受學，用思精密。,待审,,,
三國志,64,wiki,data/raw/三國志/卷64.txt,含侍中,,初用侍中偏將軍徐詳，詳死，將用恪。,待审,,,
三國志,64,wiki,data/raw/三國志/卷64.txt,含侍中,孫,權疾困，召恪、弘及太常滕胤、將軍呂據、侍中孫峻，屬以後事。,待审,,,
三國志,64,wiki,data/raw/三國志/卷64.txt,含侍中,,侍中武衛將軍都鄉候俱受先帝囑寄之詔，見其奸虐，日月滋甚，將恐蕩搖宇宙，傾危社稷，奮其威怒，精貫昊天，計慮先於神明，智勇百於荊、聶，躬持白刃，梟恪殿堂，勳超朱，功越東牟。,待审,,,
三國志,64,wiki,data/raw/三國志/卷64.txt,含侍中,,孫權末，徙武衛都尉，為侍中。,待审,,,
三國志,64,wiki,data/raw/三國志/卷64.txt,含侍中,,綝聞之，遣從兄慮將兵逆據於江都，使中使敕文欽、劉纂、唐諮等合眾擊據，遣侍中左將軍華融、中書丞丁晏告胤取據，並喻胤宜速去意，胤自以禍及，因留融、晏，勒兵自衛，召典軍揚崇、將軍孫諮，告以綝為亂，迫融等使有書難綝。,待审,,,
三國志,64,wiki,data/raw/三國志/卷64.txt,含侍中,,」侍中近臣及乳母共牽攀止之，乃不得出，嘆吒二日不食，罵其妻曰：「爾父憒憒，敗我大事！,待审,,,
三國志,64,wiki,data/raw/三國志/卷64.txt,含侍中,,鞏其有變，數加賞賜，又復加恩侍中，與綝分省文書。,待审,,,
三國志,64,wiki,data/raw/三國志/卷64.txt,含侍中,,皓既踐阼，加興侍中，領青州牧。,待审,,,
三國志,65,wiki,data/raw/三國志/卷65.txt,含侍中,,孫皓即位，封高陵亭侯，遷中書僕射，職省，為侍中，常領左國史。,待审,,,
全後漢文,卷一百六,wiki,data/raw/全後漢文/卷一百六.txt,含侍中,,汉□□□之□□王舅，是时宠特进朝侯大仆光禄侍中监营持节□□□功充列王室，遇谤于吕，委位捐尔，调官近（注：《隶释》作「沛」）土。,待审,,,
全後漢文,卷七,wiki,data/raw/全後漢文/卷七.txt,含侍中,王,深恐在所慢違「如在」之義，今遣侍中王輔等，持節分詣岱山、東海、滎陽、河、洛，盡心祈焉。,待审,,,
全後漢文,卷七十,wiki,data/raw/全後漢文/卷七十.txt,含侍中,,詔問曰：「南宮侍中等聞雌雞化爲雄，尾頭毛已似雄，頭尚未變。,待审,,,
全後漢文,卷七十一,wiki,data/raw/全後漢文/卷七十一.txt,含侍中,,復階朝謁，進察憲臺，遂充機密，令守巴郡，還僃侍中。,待审,,,
全後漢文,卷七十一,wiki,data/raw/全後漢文/卷七十一.txt,含侍中,,魯旭侍中，牧守宣藩，部符數郡。,待审,,,
全後漢文,卷七十七,wiki,data/raw/全後漢文/卷七十七.txt,含侍中,,祖侍中、廣川相。,待审,,,
全後漢文,卷七十七,wiki,data/raw/全後漢文/卷七十七.txt,含侍中,,」連表上不納，而升遷爲侍中。,待审,,,
全後漢文,卷七十七,wiki,data/raw/全後漢文/卷七十七.txt,含侍中,,司隸校尉察茂材，太尉（注：公車舉）有道，徵（注：拜議郎、司徒）長史、侍中。,待审,,,
全後漢文,卷七十七,wiki,data/raw/全後漢文/卷七十七.txt,含侍中,,遷侍中、屯騎校尉、宗正、光祿勳、太尉，股肱元首，宣□□□，臣工允敕，帝載粵熹，寢疾遜位。,待审,,,
全後漢文,卷七十三,wiki,data/raw/全後漢文/卷七十三.txt,含侍中,,侍中執事，相見無期，惟是筆疏，（注：《文選》注作「筆跡」。,待审,,,
全後漢文,卷七十九,wiki,data/raw/全後漢文/卷七十九.txt,含侍中,,季㠯高第爲侍-{御}-史、諫議大夫、侍中、虎賁中郎將、陳畱太守。,待审,,,
全後漢文,卷七十九,wiki,data/raw/全後漢文/卷七十九.txt,含侍中,,少辟侍中，襲先公之爵，㠯議郎出爲濟陰太守。,待审,,,
全後漢文,卷七十二,wiki,data/raw/全後漢文/卷七十二.txt,含侍中,,三月九日，百官會府公殿下，東面，校尉南面，侍中、郎將、大夫、千石、六百石重行北面，議郎、博士西面。,待审,,,
全後漢文,卷七十二,wiki,data/raw/全後漢文/卷七十二.txt,含侍中,,蔡邕前坐侍中西北，近公卿，與光、晃相難問是非焉。,待审,,,
全後漢文,卷七十五,wiki,data/raw/全後漢文/卷七十五.txt,含侍中,,【建寍元年】，召拜議郎，納忠盡規，匪懈于位，遷侍中、虎賁中郎將。,待审,,,
全後漢文,卷七十五,wiki,data/raw/全後漢文/卷七十五.txt,含侍中,,是年遭疾，上印綬，詔書聽許，㠯侍中養疾。,待审,,,
全後漢文,卷七十八,wiki,data/raw/全後漢文/卷七十八.txt,含侍中,,自侍-{御}-史、侍中已往，道爲帝師，德爲世表，體尊名重，階級彌崇。,待审,,,
全後漢文,卷七十八,wiki,data/raw/全後漢文/卷七十八.txt,含侍中,,司徒舉高第，拜侍中、越騎校尉。,待审,,,
全後漢文,卷七十八,wiki,data/raw/全後漢文/卷七十八.txt,含侍中,于,納于侍中，在帝左右。,待审,,,
全後漢文,卷三,wiki,data/raw/全後漢文/卷三.txt,含侍中,,故侍中衞尉關內矦興，典領禁兵，從平天下，當㠯軍功顯受封爵，又諸舅比例，應蒙恩澤，興皆固讓，安乎里巷。,待审,,,
全後漢文,卷三十一,wiki,data/raw/全後漢文/卷三十一.txt,含侍中,,章帝卽位，拜侍中虎賁中郎將，出爲東郡太守。,待审,,,
全後漢文,卷三十一,wiki,data/raw/全後漢文/卷三十一.txt,含侍中,,侍中丁鴻，仁而有讓，達于從政；,待审,,,
全後漢文,卷三十一,wiki,data/raw/全後漢文/卷三十一.txt,含侍中,,永平中，襲父綝爵陵陽矦，拜侍中，兼射聲校尉。,待审,,,
全後漢文,卷三十一,wiki,data/raw/全後漢文/卷三十一.txt,含侍中,,和帝時，爲左中郎將，進侍中，領騎都尉，兼領祕書近署。,待审,,,
全後漢文,卷三十一,wiki,data/raw/全後漢文/卷三十一.txt,含侍中,劉,建平中，侍中劉歆欲立《左氏》，不先暴論大義，而輕移太常，恃其義長，詆挫諸儒，諸儒內懷不服，相與排之。,待审,,,
全後漢文,卷三十三,wiki,data/raw/全後漢文/卷三十三.txt,含侍中,,和帝時，拜《魯詩》博士，遷侍中，出爲樂安相。,待审,,,
全後漢文,卷三十三,wiki,data/raw/全後漢文/卷三十三.txt,含侍中,,徵拜議郎，進侍中，遷光祿勳。,待审,,,
全後漢文,卷三十三,wiki,data/raw/全後漢文/卷三十三.txt,含侍中,,復徵，再遷中散大夫，進侍中，免。,待审,,,
全後漢文,卷三十三,wiki,data/raw/全後漢文/卷三十三.txt,含侍中,,永初中，復徵，再遷侍中左中郎將，卒年七十五。,待审,,,
全後漢文,卷三十九,wiki,data/raw/全後漢文/卷三十九.txt,含侍中,,漢有侍中鈞喜。,待审,,,
全後漢文,卷三十九,wiki,data/raw/全後漢文/卷三十九.txt,含侍中,,聊蒼，爲漢侍中，著子書。,待审,,,
全後漢文,卷三十九,wiki,data/raw/全後漢文/卷三十九.txt,含侍中,,《通志‧氏族略》-{云}-：「漢侍中聊蒼，著書號《聊子》。,待审,,,
全後漢文,卷三十九,wiki,data/raw/全後漢文/卷三十九.txt,含侍中,,漢有侍中耦嘉。,待审,,,
全後漢文,卷三十四,wiki,data/raw/全後漢文/卷三十四.txt,含侍中,,』時{{參|憲|熹}}子世爲侍中，驂乘，歸具白之。,待审,,,
全後漢文,卷三十四,wiki,data/raw/全後漢文/卷三十四.txt,含侍中,司馬,李郃㠯公車司馬入爲侍中。,待审,,,
全後漢文,卷三十四,wiki,data/raw/全後漢文/卷三十四.txt,含侍中,,侍中，周官也。,待审,,,
全後漢文,卷三十四,wiki,data/raw/全後漢文/卷三十四.txt,含侍中,,}}侍中便蕃左右，與帝升降，卒思（注：案：《北堂書鈔》引作「切問」。,待审,,,
全後漢文,卷三十四,wiki,data/raw/全後漢文/卷三十四.txt,含侍中,金,侍中金蟬左貂。,待审,,,
全後漢文,卷三十四,wiki,data/raw/全後漢文/卷三十四.txt,含侍中,,其後秦始皇破趙，得其冠，㠯賜侍中。,待审,,,
全後漢文,卷三十四,wiki,data/raw/全後漢文/卷三十四.txt,含侍中,,）侍中皇權參乘，問︰「貂蟬何法？,待审,,,
全後漢文,卷三十四,wiki,data/raw/全後漢文/卷三十四.txt,含侍中,,侍中冠武弁大冠，亦曰惠文冠，加金璫，附蟬爲文，貂尾爲飾，謂之貂蟬。,待审,,,
全後漢文,卷三十四,wiki,data/raw/全後漢文/卷三十四.txt,含侍中,,侍中左蟬右貂，本秦丞相史往來殿中，故謂之侍中。,待审,,,
全後漢文,卷三十四,wiki,data/raw/全後漢文/卷三十四.txt,含侍中,,武帝時，孔安國爲侍中，㠯其儒者，特聽掌-{御}-坐唾壺，朝廷榮之。,待审,,,
全後漢文,卷三十四,wiki,data/raw/全後漢文/卷三十四.txt,含侍中,,侍中，秩千石。,待审,,,
全後漢文,卷三十四,wiki,data/raw/全後漢文/卷三十四.txt,含侍中,,侍中殿下稱制，出則參乘，佩璽抱劒。,待审,,,
全後漢文,卷三十四,wiki,data/raw/全後漢文/卷三十四.txt,含侍中,,漢成帝取明經者充侍中，使辟百官公卿，參議可正爲止殿，行則負璽。,待审,,,
全後漢文,卷三十四,wiki,data/raw/全後漢文/卷三十四.txt,含侍中,,史丹爲侍中。,待审,,,
全後漢文,卷三十四,wiki,data/raw/全後漢文/卷三十四.txt,含侍中,,桓帝時，侍中迺存，（注：《蓺文類聚》作「刁存」，《野客叢書》二十五作「刁協」。,待审,,,
全後漢文,卷三十四,wiki,data/raw/全後漢文/卷三十四.txt,含侍中,,侍中，周官，號曰常伯。,待审,,,
全後漢文,卷三十四,wiki,data/raw/全後漢文/卷三十四.txt,含侍中,,侍中，周成王常伯任侍中，殿下稱制，出卽陪乘，佩璽抱劒。,待审,,,
全後漢文,卷三十四,wiki,data/raw/全後漢文/卷三十四.txt,含侍中,,《漢官表》曰：「凡侍中、左右曹諸吏、散騎、中常侍，皆加官也。,待审,,,
全後漢文,卷三十四,wiki,data/raw/全後漢文/卷三十四.txt,含侍中,,漢因秦置侍中舍人。,待审,,,
全後漢文,卷三十四,wiki,data/raw/全後漢文/卷三十四.txt,含侍中,,）位次侍中，侍從左右，關通內外，給事于中，故曰給事{{*|案：《太平-{御}-覽》引下有「中」字。,待审,,,
全後漢文,卷三十四,wiki,data/raw/全後漢文/卷三十四.txt,含侍中,,尚書令侍中，上東西寺及侍中寺。,待审,,,
全後漢文,卷九,wiki,data/raw/全後漢文/卷九.txt,含侍中,,侍中憲，朕之元兄，行能兼僃，忠孝尤篤，先帝所器，親受遺詔，當㠯舊典輔斯職焉。,待审,,,
全後漢文,卷九十,wiki,data/raw/全後漢文/卷九十.txt,含侍中,,荊州平，曹公辟爲丞相掾，封關內矦，遷軍謀祭酒，進侍中。,待审,,,
全後漢文,卷九十一,wiki,data/raw/全後漢文/卷九十一.txt,含侍中,,侍中關內矦臣粲言︰奉命作《刀銘》，及示㠯其敘二報，誠必朝氏之刀，而張常爲工矣。,待审,,,
全後漢文,卷九十九,wiki,data/raw/全後漢文/卷九十九.txt,含侍中,,寿张侯以功德加位特进，其次并以高声处卿校，侍中、尚书，据州典郡，不可胜载，为天下著性。,待审,,,
全後漢文,卷九十五,wiki,data/raw/全後漢文/卷九十五.txt,含侍中,許,伏聞中常侍曹節、王甫、張讓等，及侍中許相，竝爲列矦。,待审,,,
全後漢文,卷九十四,wiki,data/raw/全後漢文/卷九十四.txt,含侍中,,:衡，建安中爲侍中。,待审,,,
全後漢文,卷二十一,wiki,data/raw/全後漢文/卷二十一.txt,含侍中,曹,後拜太常，轉少府，免，復爲左曹侍中。,待审,,,
全後漢文,卷二十一,wiki,data/raw/全後漢文/卷二十一.txt,含侍中,,及卽位，㠯爲侍中騎都尉。,待审,,,
全後漢文,卷二十一,wiki,data/raw/全後漢文/卷二十一.txt,含侍中,,永元中，爲侍中心林右騎。,待审,,,
全後漢文,卷二十七,wiki,data/raw/全後漢文/卷二十七.txt,含侍中,,建武初，爲諫議大夫、博士，封關內矦，遷少府，拜侍中、祭酒、騎都尉。,待审,,,
全後漢文,卷二十七,wiki,data/raw/全後漢文/卷二十七.txt,含侍中,,和帝時，徵爲郎，遷侍中、步兵校尉、宗正，免。,待审,,,
全後漢文,卷二十七,wiki,data/raw/全後漢文/卷二十七.txt,含侍中,,復拜侍中，遷長水校尉。,待审,,,
全後漢文,卷二十七,wiki,data/raw/全後漢文/卷二十七.txt,含侍中,,永平中，襲爵關內矦，拜議郎，遷侍中，兼虎賁中郎將。,待审,,,
全後漢文,卷二十七,wiki,data/raw/全後漢文/卷二十七.txt,含侍中,,和帝初，遷長樂少府，復入侍講，轉侍中奉車都尉，代丁鴻爲太常。,待审,,,
全後漢文,卷二十七,wiki,data/raw/全後漢文/卷二十七.txt,含侍中,,司隸舉茂材，大尉舉有道，公車徵拜議郎、司徒長史，入登侍中，宣美顧問。,待审,,,
全後漢文,卷二十七,wiki,data/raw/全後漢文/卷二十七.txt,含侍中,,復拜侍中、屯騎校尉、宗正、光祿勳，遂授大尉，悉謨百揆四門之職，懷夫三事，和昭鼎實。,待审,,,
全後漢文,卷二十九,wiki,data/raw/全後漢文/卷二十九.txt,含侍中,,永平初，進侍中。,待审,,,
全後漢文,卷二十九,wiki,data/raw/全後漢文/卷二十九.txt,含侍中,,元和中，拜侍中。,待审,,,
全後漢文,卷二十九,wiki,data/raw/全後漢文/卷二十九.txt,含侍中,,後徵再遷，復爲侍中。,待审,,,
全後漢文,卷二十九,wiki,data/raw/全後漢文/卷二十九.txt,含侍中,,建初初，爲尚書令，出爲平原相，徵拜侍中，遷太司農。,待审,,,
全後漢文,卷二十二,wiki,data/raw/全後漢文/卷二十二.txt,含侍中,,永建初，襲父雍爵乘氏矦，遷侍中、屯騎校尉。,待审,,,
全後漢文,卷二十二,wiki,data/raw/全後漢文/卷二十二.txt,含侍中,,初爲黃門侍郎，轉侍中、虎賁中郎將、越騎步兵校尉、執金吾。,待审,,,
全後漢文,卷二十五,wiki,data/raw/全後漢文/卷二十五.txt,含侍中,竇,竇侍中前寄人錢八十萬，市得雜𦋺十餘張也。,待审,,,
全後漢文,卷二十五,wiki,data/raw/全後漢文/卷二十五.txt,含侍中,竇,竇侍中令載雜綵七百匹，白素三百匹，欲㠯市月氐馬、蘇合香、毾㲪。,待审,,,
全後漢文,卷二十五,wiki,data/raw/全後漢文/卷二十五.txt,含侍中,竇,竇侍中遺仲升楚騰陵錯刀𤨟皁削一枚，金錯半垂刀一枚。,待审,,,
全後漢文,卷二十六,wiki,data/raw/全後漢文/卷二十六.txt,含侍中,,爲長樂衞尉，進侍中光祿大夫。,待审,,,
全後漢文,卷五十一,wiki,data/raw/全後漢文/卷五十一.txt,含侍中,,今瓌無他功德，但㠯配阿母女，旣忝位侍中，一時之閒，超至封矦，不稽舊制，不合經義，行人諠譁，百寮不安。,待审,,,
全後漢文,卷五十一,wiki,data/raw/全後漢文/卷五十一.txt,含侍中,,桓帝卽位，拜太中大夫、左中郎將，遷侍中、尚書、光祿大夫，㠯梁冀擅權，稱病去官。,待审,,,
全後漢文,卷五十一,wiki,data/raw/全後漢文/卷五十一.txt,含侍中,,司空舉高第，遷侍中、越騎校尉。,待审,,,
全後漢文,卷五十一,wiki,data/raw/全後漢文/卷五十一.txt,含侍中,,靈帝時侍中，出爲汝南太守。,待审,,,
全後漢文,卷五十一,wiki,data/raw/全後漢文/卷五十一.txt,含侍中,,帝崩，後復入爲侍中，領衞尉，從獻帝西遷。,待审,,,
全後漢文,卷五十一,wiki,data/raw/全後漢文/卷五十一.txt,含侍中,楊,（注：《魏志‧董卓傳》注引《獻帝起居注》︰「李傕移乘輿幸北塢，侍中楊琦上封事。,待审,,,
全後漢文,卷五十一,wiki,data/raw/全後漢文/卷五十一.txt,含侍中,,熹平中，徵拜議郎，遷侍中、京兆尹。,待审,,,
全後漢文,卷五十一,wiki,data/raw/全後漢文/卷五十一.txt,含侍中,,光和中，復爲侍中、五官中郎將，遷潁川、南陽太守。,待审,,,
全後漢文,卷五十一,wiki,data/raw/全後漢文/卷五十一.txt,含侍中,,復爲侍中，三遷永樂少府、太僕、衞尉。,待审,,,
全後漢文,卷五十七,wiki,data/raw/全後漢文/卷五十七.txt,含侍中,,順帝時，進侍中。,待审,,,
全後漢文,卷五十九,wiki,data/raw/全後漢文/卷五十九.txt,含侍中,,後爲侍中，守光祿大夫，遷河南太守，徵爲大鴻臚。,待审,,,
全後漢文,卷五十二,wiki,data/raw/全後漢文/卷五十二.txt,含侍中,,陽嘉中，遷侍中。,待审,,,
全後漢文,卷五十八,wiki,data/raw/全後漢文/卷五十八.txt,含侍中,,初仕郡，徵拜議郎，遷侍中。,待审,,,
全後漢文,卷五十八,wiki,data/raw/全後漢文/卷五十八.txt,含侍中,,順帝時，轉東海相，入爲侍中。,待审,,,
全後漢文,卷五十八,wiki,data/raw/全後漢文/卷五十八.txt,含侍中,,）建光初，徵有道高第，拜侍中。,待审,,,
全後漢文,卷五十八,wiki,data/raw/全後漢文/卷五十八.txt,含侍中,,{{*|《續漢‧律厤志中》︰「【延光二年】，太尉愷等上侍中施延等議。,待审,,,
全後漢文,卷五十八,wiki,data/raw/全後漢文/卷五十八.txt,含侍中,,熹平中，爲侍中、五官中郎將。,待审,,,
全後漢文,卷五十八,wiki,data/raw/全後漢文/卷五十八.txt,含侍中,,漢侍中五官中郎將鄢陵堂谿典伯幷，【熹平四年】，來請雨嵩高廟。,待审,,,
全後漢文,卷五十六,wiki,data/raw/全後漢文/卷五十六.txt,含侍中,,永寍初，遷侍中、越騎校尉。,待审,,,
全後漢文,卷五十六,wiki,data/raw/全後漢文/卷五十六.txt,含侍中,,至順帝時，平子爲侍中典校書，方作《周官解說》，乃欲㠯漢次述漢事，會復遷河間相，遂莫能立也。,待审,,,
全後漢文,卷五十六,wiki,data/raw/全後漢文/卷五十六.txt,含侍中,,給事中掌侍從左右，無員，位次侍中、常侍，或名儒，或國親。,待审,,,
全後漢文,卷五十六,wiki,data/raw/全後漢文/卷五十六.txt,含侍中,,===侍中箴===,待审,,,
全後漢文,卷五十六,wiki,data/raw/全後漢文/卷五十六.txt,含侍中,,侍中司中，敢告執矩。,待审,,,
全後漢文,卷五十四,wiki,data/raw/全後漢文/卷五十四.txt,含侍中,賈,往者侍中賈逵擿讖互異三十餘事，諸言讖者皆不能說。,待审,,,
全後漢文,卷八,wiki,data/raw/全後漢文/卷八.txt,含侍中,李,（注：《後漢紀》二十七︰「李傕舉博士李儒爲侍中，詔曰云云。,待审,,,
全後漢文,卷八,wiki,data/raw/全後漢文/卷八.txt,含侍中,劉,帝疑賦恤有虛，乃親于御座前量試作糜，乃知非實，使侍中劉艾出讓有司。,待审,,,
全後漢文,卷八,wiki,data/raw/全後漢文/卷八.txt,含侍中,楊,===報楊定請侍中尹忠爲長史詔（注：八月）===,待审,,,
全後漢文,卷八,wiki,data/raw/全後漢文/卷八.txt,含侍中,,侍中近侍，就非其宜，必爲關東所笑。,待审,,,
全後漢文,卷八十一,wiki,data/raw/全後漢文/卷八十一.txt,含侍中,,侍中韓說、博士蔡較、穀城門𠊱劉洪、右郎中陳調于太常府，覆校注說，平議難問，恂、誠各對。,待审,,,
全後漢文,卷八十七,wiki,data/raw/全後漢文/卷八十七.txt,含侍中,,（注：案︰舊本《呂氏春秋序》題河東高誘撰，據《淮南子序》云「自誘之少，從故侍中同縣盧君受其句讀」，謂盧子榦也。,待审,,,
全後漢文,卷八十七,wiki,data/raw/全後漢文/卷八十七.txt,含侍中,,自誘之少，從故侍中同縣盧君受其句讀，誦舉大義。,待审,,,
全後漢文,卷八十七,wiki,data/raw/全後漢文/卷八十七.txt,含侍中,鄧,侍中鄧義㠯爲不然而難之，彧令統荅焉。,待审,,,
全後漢文,卷八十九,wiki,data/raw/全後漢文/卷八十九.txt,复合官名,,公卿列校，侍中尚書，皆九州之選也，而不與之從容言議，諮論古事，訪國家正事，問四海豪英，琢磨珪璧，染練金錫，何㠯昭仁心于民物，廣令聞于天下哉！,待审,,,
全後漢文,卷八十二,wiki,data/raw/全後漢文/卷八十二.txt,含侍中,,董卓入洛陽，㠯侍中出爲兖州刺史。,待审,,,
全後漢文,卷八十四,wiki,data/raw/全後漢文/卷八十四.txt,含侍中,,中平中，辟大將軍何進府，後將軍袁隗表爲侍中；,待审,,,
全後漢文,卷六十一,wiki,data/raw/全後漢文/卷六十一.txt,含侍中,,今曹節等放縱爲害，而久在左右，又公兄侍中受害節等，永樂太-{后}-所親知也。,待审,,,
全後漢文,卷六十一,wiki,data/raw/全後漢文/卷六十一.txt,含侍中,,桓帝㠯博士徵，拜議郎，著作東觀，進侍中，歷左馮翊、京兆尹，㠯疾免。,待审,,,
全後漢文,卷六十七,wiki,data/raw/全後漢文/卷六十七.txt,含侍中,,五府竝辟，司空袁逢舉有道，大將軍何進請爲從事中郎，迎薦爲侍中，皆未就。,待审,,,
全後漢文,卷六十七,wiki,data/raw/全後漢文/卷六十七.txt,含侍中,,建安初，辟鎭東曹操府，遷黃門侍郎、給事中、祕書監、侍中。,待审,,,
全後漢文,卷六十七,wiki,data/raw/全後漢文/卷六十七.txt,含侍中,,侍中悅上。,待审,,,
全後漢文,卷六十七,wiki,data/raw/全後漢文/卷六十七.txt,含侍中,,會悅遷爲侍中，其五年書成，乃奏記-{云}-。,待审,,,
全後漢文,卷六十七,wiki,data/raw/全後漢文/卷六十七.txt,含侍中,,建安初，進侍中，守尚書令，後封萬歲亭矦。,待审,,,
全後漢文,卷六十三,wiki,data/raw/全後漢文/卷六十三.txt,含侍中,,桓帝時，徵博士，舉賢良方正，再遷爲侍中，拜五官中郎將，轉長水校尉，遷魏郡太守，徵拜大鴻臚，㠯病乞還。,待审,,,
全後漢文,卷六十三,wiki,data/raw/全後漢文/卷六十三.txt,含侍中,,獻帝初，拜五官中郎將，遷侍中。,待审,,,
全後漢文,卷六十九,wiki,data/raw/全後漢文/卷六十九.txt,含侍中,,董卓爲司空，徵署祭酒，舉高第，補侍-{御}-史，轉侍書-{御}-史，遷尚書，拜巴郡太守，未行，畱爲侍中。,待审,,,
全後漢文,卷六十五,wiki,data/raw/全後漢文/卷六十五.txt,含侍中,,靈帝時，拜侍-{御}-史，封中陵鄕矦，三遷尚書令，拜侍中，徙京兆尹。,待审,,,
全後漢文,卷六十八,wiki,data/raw/全後漢文/卷六十八.txt,含侍中,,桓帝時，爲侍中。,待审,,,
全後漢文,卷六十六,wiki,data/raw/全後漢文/卷六十六.txt,含侍中,,靈帝初，爲侍中，與竇武謀誅宦官，被誅。,待审,,,
全後漢文,卷六十四,wiki,data/raw/全後漢文/卷六十四.txt,含侍中,,徵還拜侍中，轉執金吾、河南尹。,待审,,,
全後漢文,卷六十四,wiki,data/raw/全後漢文/卷六十四.txt,含侍中,,）建和初，舉有道方正，對策，拜議郎，再遷侍中，襲封廚亭矦。,待审,,,
全後漢文,卷六十四,wiki,data/raw/全後漢文/卷六十四.txt,含侍中,,獻帝西遷，爲侍中，封江南亭矦，代楊彪爲司空，免。,待审,,,
全後漢文,卷六十四,wiki,data/raw/全後漢文/卷六十四.txt,含侍中,,}}舉賢良方正，對策第一，拜議郎，再遷尚書，又再遷侍中、虎賁中郎將。,待审,,,
全後漢文,卷十一,wiki,data/raw/全後漢文/卷十一.txt,含侍中,,永建中，拜議郎，三遷至侍中。,待审,,,
全後漢文,卷十二,wiki,data/raw/全後漢文/卷十二.txt,含侍中,,哀、平閒，爲侍中。,待审,,,
全後漢文,卷十六,wiki,data/raw/全後漢文/卷十六.txt,含侍中,,哀、平閒徵試博士，對策高等，拜議郎，遷侍中。,待审,,,
全後漢文,卷十六,wiki,data/raw/全後漢文/卷十六.txt,含侍中,,【建武五年】，入爲侍中，㠯病免。,待审,,,
全後漢文,卷十六,wiki,data/raw/全後漢文/卷十六.txt,含侍中,,建初中，㠯皇-{后}-兄拜爲郎，遷侍中、虎賁中郎將。,待审,,,
全後漢文,卷四十三,wiki,data/raw/全後漢文/卷四十三.txt,含侍中,,後徵，四遷爲侍中。,待审,,,
全後漢文,卷四十九,wiki,data/raw/全後漢文/卷四十九.txt,含侍中,,先帝詔侍中騎都尉賈逵，修理舊文，殊蓺異術，王敎一耑，苟有可㠯加于國者，靡不悉集。,待审,,,
全後漢文,卷四十九,wiki,data/raw/全後漢文/卷四十九.txt,含侍中,,拜侍中，免。,待审,,,
全後漢文,卷四十二,wiki,data/raw/全後漢文/卷四十二.txt,含侍中,,光和末，徵拜議郎，擢青州刺史，遷侍中。,待审,,,
全後漢文,卷四十五,wiki,data/raw/全後漢文/卷四十五.txt,含侍中,,==== 侍中箴（注：見《古文苑》。,待审,,,
全後漢文,卷四十五,wiki,data/raw/全後漢文/卷四十五.txt,含侍中,,遷公車司馬令、侍中，遂相河閒，政㠯禮成，民是用思。,待审,,,
全後漢文,卷四十八,wiki,data/raw/全後漢文/卷四十八.txt,含侍中,,宜令步兵校尉冀及諸侍中還居黃門之官，使權去外戚，政歸國家，豈不休乎！,待审,,,
全後漢文,卷四十八,wiki,data/raw/全後漢文/卷四十八.txt,复合官名,,又詔書所㠯禁侍中尚書中臣子弟不得爲吏察孝廉者，㠯其秉威權、容請託故也。,待审,,,
全後漢文,卷四十八,wiki,data/raw/全後漢文/卷四十八.txt,含侍中,,一日朝會，見諸侍中竝皆年少，無一㝛儒大人可顧問者，誠可歎息。,待审,,,
全後漢文,卷四十八,wiki,data/raw/全後漢文/卷四十八.txt,含侍中,,侍中杜喬，學深行直，當世良臣，久託疾病，可敕令起。,待审,,,
全漢文,卷七,wiki,data/raw/全漢文/卷七.txt,含侍中,,捐之建議㠯爲不當擊，上使侍中駙馬都尉樂昌矦王商詰問捐之。,待审,,,
全漢文,卷三十,wiki,data/raw/全漢文/卷三十.txt,含侍中,,及爲侍中，故定陵矦湻于長有大逆罪，公不敢私，建白誅討。,待审,,,
全漢文,卷三十三,wiki,data/raw/全漢文/卷三十三.txt,含侍中,,上㠯望之意輕丞相，乃下侍中等詰問望之。,待审,,,
全漢文,卷三十三,wiki,data/raw/全漢文/卷三十三.txt,含侍中,,宣帝時，爲侍中，賜爵關內矦，進封都成矦，遷建章衞尉，諡曰敬矦。,待审,,,
全漢文,卷三十三,wiki,data/raw/全漢文/卷三十三.txt,含侍中,,（注：《漢書‧武五子‧昌邑王傳》︰「侍中衞尉金安上上書言，奏可。,待审,,,
全漢文,卷三十三,wiki,data/raw/全漢文/卷三十三.txt,含侍中,,更生前爲九卿，坐與望之、堪謀排車騎將軍高、許、史氏侍中者，毀離親戚，欲退去之，而獨專權。,待审,,,
全漢文,卷三十三,wiki,data/raw/全漢文/卷三十三.txt,含侍中,,侍中謁者良使丞制詔望之，望之再拜已。,待审,,,
全漢文,卷三十三,wiki,data/raw/全漢文/卷三十三.txt,含侍中,,元帝卽位，進侍中中大夫。,待审,,,
全漢文,卷三十二,wiki,data/raw/全漢文/卷三十二.txt,含侍中,,爲書曰︰「皇帝問侍中君卿︰使中御府令高昌奉黃金千斤，賜君卿取十妻。,待审,,,
全漢文,卷三十二,wiki,data/raw/全漢文/卷三十二.txt,含侍中,傅,文學光祿大夫夏矦勝等及侍中傅嘉數進諫㠯過失，使人簿責勝，縛嘉繫獄。,待审,,,
全漢文,卷三十四,wiki,data/raw/全漢文/卷三十四.txt,复合官名,曹,令近臣自諸曹侍中㠯上，家亡得私販賣，與民爭利。,待审,,,
全漢文,卷九,wiki,data/raw/全漢文/卷九.txt,含侍中,,侍中太僕安陽矦舜，往時護太子家，導朕，忠誠專壹，有舊恩；,待审,,,
全漢文,卷九,wiki,data/raw/全漢文/卷九.txt,含侍中,,侍中光祿大夫商，皇太太后父同產子，小自保大，恩義最親。,待审,,,
全漢文,卷九,wiki,data/raw/全漢文/卷九.txt,含侍中,,賴宗廟之靈，侍中駙馬都尉賢等發覺㠯聞，咸伏其辜。,待审,,,
全漢文,卷九,wiki,data/raw/全漢文/卷九.txt,含侍中,,前爲侍中，毀譖仁賢，誣愬大臣，令俊艾者久失其位。,待审,,,
全漢文,卷九,wiki,data/raw/全漢文/卷九.txt,含侍中,,將軍從弟侍中奉車都尉吳、族父左曹屯騎校尉宣皆知宏及栩丹諸矦王后親，而宣除用丹爲御屬。,待审,,,
全漢文,卷二十七,wiki,data/raw/全漢文/卷二十七.txt,含侍中,,武帝時，待詔，遷侍中中郎，坐法免，復召爲郎，拜東郡都尉，入爲光祿大夫侍中，後坐事誅。,待审,,,
全漢文,卷二十七,wiki,data/raw/全漢文/卷二十七.txt,含侍中,,年十八，爲侍中。,待审,,,
全漢文,卷二十八,wiki,data/raw/全漢文/卷二十八.txt,含侍中,,初爲郎，遷移中廏監，進侍中。,待审,,,
全漢文,卷二十八,wiki,data/raw/全漢文/卷二十八.txt,含侍中,,爲侍中建章監，拜騎都尉。,待审,,,
全漢文,卷二十八,wiki,data/raw/全漢文/卷二十八.txt,含侍中,,少㠯心計侍中。,待审,,,
全漢文,卷五,wiki,data/raw/全漢文/卷五.txt,含侍中,金,男子張章先發覺，㠯語期門董忠，忠告左曹楊惲，惲告侍中金安上。,待审,,,
全漢文,卷五,wiki,data/raw/全漢文/卷五.txt,复合官名,,侍中史高與金安上建發其事，言無入霍氏禁闥，卒不得遂其謀，皆讎有功。,待审,,,
全漢文,卷五十,wiki,data/raw/全漢文/卷五十.txt,含侍中,,侍中駙馬都尉董賢，本無葭莩之親，但㠯令色諛言自進，賞賜亡度，竭盡府藏，并合三第，尚㠯爲小，復壞暴室。,待审,,,
全漢文,卷五十九,wiki,data/raw/全漢文/卷五十九.txt,含侍中,,十有一公，九卿，十二大夫，二十四元士，定諸國邑采之處，使侍中講禮大夫孔秉等與州部眾郡曉知地理圖籍者，共校治于壽成朱鳥堂。,待审,,,
全漢文,卷五十五,wiki,data/raw/全漢文/卷五十五.txt,复合官名,,今朝廷忽于時月之令，諸侍中尚書近臣宜皆令通知月令之意，設羣下請事；,待审,,,
全漢文,卷五十五,wiki,data/raw/全漢文/卷五十五.txt,含侍中,,使侍中衞尉傅喜問尋曰︰『閒者水出地動，日月失度，星辰亂行，災異仍重。,待审,,,
全漢文,卷五十五,wiki,data/raw/全漢文/卷五十五.txt,含侍中,王,故侍中王林卿坐殺人埋冢舍，使奴剝寺門鼓。,待审,,,
全漢文,卷五十八,wiki,data/raw/全漢文/卷五十八.txt,含侍中,,永始初封新都矦，遷騎都尉，光祿大夫，侍中。,待审,,,
全漢文,卷五十六,wiki,data/raw/全漢文/卷五十六.txt,含侍中,,及根兄子成都矦況幸得㠯外親繼父爲列矦侍中，不思報厚恩，亦聘取故掖庭貴人㠯爲妻，皆無人臣禮，大不敬不道。,待审,,,
全漢文,卷五十四,wiki,data/raw/全漢文/卷五十四.txt,含侍中,,===侍中箴===,待审,,,
全漢文,卷五十四,wiki,data/raw/全漢文/卷五十四.txt,含侍中,,覆審乃明，所謂亡闕者，謂有亡有闕，《侍中》、《太史令》、《國三老》、《太樂令》、《太官令》五《箴》多闕文，其四《箴》亡，故云九《箴》亡闕也。,待审,,,
全漢文,卷八,wiki,data/raw/全漢文/卷八.txt,含侍中,,侍中衞尉長，數白宜早止，徙家反故處。,待审,,,
全漢文,卷六,wiki,data/raw/全漢文/卷六.txt,含侍中,,朕微眇時，御史大夫丙吉、中郎將史曾、史玄、長樂衞尉許舜、侍中光祿大夫許延壽皆與朕有舊恩，及故掖庭令張賀輔導朕躬，修文學經術，恩惠卓異，厥功茂焉。,待审,,,
全漢文,卷六,wiki,data/raw/全漢文/卷六.txt,含侍中,,」封賀所子弟子侍中中郎將彭祖（注：《張安世傳》作「《詩》云︰『無言不讎，無德不報。,待审,,,
全漢文,卷六,wiki,data/raw/全漢文/卷六.txt,含侍中,,』其封賀子侍中關內矦彭祖」。,待审,,,
全漢文,卷六,wiki,data/raw/全漢文/卷六.txt,含侍中,金,上使侍中金安上諭意。,待审,,,
全漢文,卷六,wiki,data/raw/全漢文/卷六.txt,含侍中,,侍中樂陵矦高，帷幄近臣，朕之所自親，君何越職而舉之？,待审,,,
全漢文,卷六,wiki,data/raw/全漢文/卷六.txt,含侍中,,（注：《漢書‧黃霸傳》︰「樂陵矦史高㠯外屬舊恩，侍中，貴重，霸薦高可太尉。,待审,,,
全漢文,卷六十,wiki,data/raw/全漢文/卷六十.txt,含侍中,,綏和初爲侍中太僕，位特進，㠯病免。,待审,,,
全漢文,卷六十一,wiki,data/raw/全漢文/卷六十一.txt,含侍中,,平帝初，進侍中奉車都尉，封承陽矦，拜光祿勳。,待审,,,
全漢文,卷十,wiki,data/raw/全漢文/卷十.txt,含侍中,,侍中奉車都尉邯㝛衞勤勞，建議定策，封邯爲承陽矦，食邑二千四百戶。,待审,,,
全漢文,卷十三,wiki,data/raw/全漢文/卷十三.txt,含侍中,,==與侍中從弟安國書==,待审,,,
全漢文,卷十三,wiki,data/raw/全漢文/卷十三.txt,含侍中,,臧報侍中相知，忿俗儒淫辭冒義，有意欲校亂反正，由來久矣。,待审,,,
全漢文,卷十三,wiki,data/raw/全漢文/卷十三.txt,含侍中,,侍中子國，明達淵博，雅學絶倫，言不及利，行不欺名，動遵禮法，少小長操。,待审,,,
全漢文,卷十三,wiki,data/raw/全漢文/卷十三.txt,含侍中,,武帝時，爲諫議大夫，遷侍中博士，出爲臨淮太守。,待审,,,
全漢文,卷十三,wiki,data/raw/全漢文/卷十三.txt,含侍中,霍,㠯一通賜所幸侍中霍光，光甚好之，言爲口實。,待审,,,
全漢文,卷十三,wiki,data/raw/全漢文/卷十三.txt,含侍中,,詔書「侍中駙馬都尉遷巧佞無義，漏泄不忠，國之賊也，免歸故郡」。,待审,,,
全漢文,卷十三,wiki,data/raw/全漢文/卷十三.txt,含侍中,,光與大司空師丹奏言云云，卒不得遣，復爲侍中。,待审,,,
全漢文,卷十九,wiki,data/raw/全漢文/卷十九.txt,含侍中,,武帝初，舉賢良對策，擢爲中大夫，後拜會稽太守，入爲侍中，坐與淮南王交私棄市。,待审,,,
全漢文,卷四十,wiki,data/raw/全漢文/卷四十.txt,含侍中,,哀帝卽位，進侍中太中大夫，遷騎都尉奉車光祿大夫，出爲河內大守，徙守五原，轉涿郡，㠯病免。,待审,,,
全漢文,卷四十,wiki,data/raw/全漢文/卷四十.txt,含侍中,,歆少通《詩》、《書》，能屬文，成帝召爲黃門侍郎、中壘校尉、侍中奉車都尉、光祿大夫。,待审,,,
全漢文,卷四十,wiki,data/raw/全漢文/卷四十.txt,含侍中,,侍中奉車都尉光祿大夫臣秀、領校祕書言校祕書太常屬臣望︰所校《山海經》凡三十二篇，今定篇爲一十八篇，已定。,待审,,,
全漢文,卷四十三,wiki,data/raw/全漢文/卷四十三.txt,复合官名,曹,歷太子中庶子、諸曹侍中中郎將。,待审,,,
全漢文,卷四十三,wiki,data/raw/全漢文/卷四十三.txt,含侍中,馬,元帝時，拜駙馬都尉侍中。,待审,,,
全漢文,卷四十三,wiki,data/raw/全漢文/卷四十三.txt,含侍中,,建昭中，爲衞尉侍中。,待审,,,
全漢文,卷四十三,wiki,data/raw/全漢文/卷四十三.txt,含侍中,,時太后從子侍中音獨側聽，具知章言㠯語鳳。,待审,,,
全漢文,卷四十三,wiki,data/raw/全漢文/卷四十三.txt,含侍中,,哀帝初，爲中常侍，進侍中。,待审,,,
全漢文,卷四十三,wiki,data/raw/全漢文/卷四十三.txt,含侍中,王,{{*|荀悅《漢紀》二十九︰「【元壽元年】，侍中王閎上書諫，不從。,待审,,,
全漢文,卷四十三,wiki,data/raw/全漢文/卷四十三.txt,含侍中,,初爲侍中中郎將。,待审,,,
全漢文,卷四十九,wiki,data/raw/全漢文/卷四十九.txt,含侍中,,今商無尺寸之功，而有三世之寵，身位三公，宗族爲列矦、吏二千石、侍中諸曹，給事禁門內，連昏諸矦王，權寵至盛。,待审,,,
全漢文,卷四十九,wiki,data/raw/全漢文/卷四十九.txt,含侍中,,永始中，遷詹事，歷少府，進侍中光祿大夫。,待审,,,
全漢文,卷四十九,wiki,data/raw/全漢文/卷四十九.txt,含侍中,,制書侍中駙馬都尉遷，不忠巧佞，免歸故郡，閒未旬月，則有詔還，大臣奏正其罰，卒不得遣，而反兼官奉使，顯寵過故。,待审,,,
全漢文,卷四十五,wiki,data/raw/全漢文/卷四十五.txt,含侍中,,語不可露，願具書所言，因侍中奏陛下，㠯示腹心大臣。,待审,,,
全漢文,卷四十八,wiki,data/raw/全漢文/卷四十八.txt,含侍中,,成帝初，州舉茂材，復補博士，出爲東平王太傅，入爲光祿大夫，丞相司直，給事中，歷少府、光祿勳侍中、太子太傅。,待审,,,
全漢文,卷四十八,wiki,data/raw/全漢文/卷四十八.txt,含侍中,王,前大行尸柩在堂，而官爵臣等㠯及親屬，赫然皆貴寵，封舅爲陽安矦，皇后尊號未定，豫封父爲孔鄕矦，出侍中王邑、射聲校尉王邯等。,待审,,,
前漢紀,000,wiki,data/raw/前漢紀/卷000.txt,含侍中,,不類出二家下者乎若乃漢侍中悅晉太守宏性靜¶,待审,,,
前漢紀,000,wiki,data/raw/前漢紀/卷000.txt,含侍中,,漢祕書監侍中荀　恱¶,待审,,,
前漢紀,000,wiki,data/raw/前漢紀/卷000.txt,含侍中,,其㫖云爾㑹悅遷爲侍中其五年書成乃奏記云四¶,待审,,,
前漢紀,005,wiki,data/raw/前漢紀/卷005.txt,含侍中,,都尉掌御乗輿駙馬都尉掌駙馬秩皆二千石侍中¶,待审,,,
前漢紀,005,wiki,data/raw/前漢紀/卷005.txt,含侍中,,數十人侍中中常侍皆加官得入禁中其後侍中或¶,待审,,,
前漢紀,005,wiki,data/raw/前漢紀/卷005.txt,含侍中,張,淚不下侍中張辟強者張良子年十五餘謂陳平曰¶,待审,,,
前漢紀,012,wiki,data/raw/前漢紀/卷012.txt,含侍中,,靑上聞乃召靑爲建章監侍中子夫女弟貴故與陳¶,待审,,,
前漢紀,013,wiki,data/raw/前漢紀/卷013.txt,含侍中,,通生去病去病初以侍中爲嫖姚校尉從衞青擊匈¶,待审,,,
前漢紀,013,wiki,data/raw/前漢紀/卷013.txt,含侍中,,對卽日拜爲馬監後爲光祿大夫侍中上甚信愛之¶,待审,,,
前漢紀,013,wiki,data/raw/前漢紀/卷013.txt,含侍中,,羊洛陽賈人子以能心計年十三爲侍中言利事皆¶,待审,,,
前漢紀,013,wiki,data/raw/前漢紀/卷013.txt,含侍中,,孟時年十餘歳因將光西入關仕光爲郞遷侍中去¶,待审,,,
前漢紀,013,wiki,data/raw/前漢紀/卷013.txt,含侍中,周,寸髙三尺六寸羣臣伏賀曰陛下得周鼎侍中光祿¶,待审,,,
前漢紀,015,wiki,data/raw/前漢紀/卷015.txt,复合官名,,殺侍中僕射馬何羅與弟重合侯通謀反侍中駙馬¶,待审,,,
前漢紀,015,wiki,data/raw/前漢紀/卷015.txt,含侍中,,行幸盩厔五祚宫上疾篤侍中光禄大夫霍光問嗣¶,待审,,,
前漢紀,016,wiki,data/raw/前漢紀/卷016.txt,含侍中,,侍中㒒射莾阿羅重合候馬通功封光爲博陸侯桀¶,待审,,,
前漢紀,016,wiki,data/raw/前漢紀/卷016.txt,含侍中,,爲安陽侯時衛尉王莾子男忽侍中揚語曰帝病忽¶,待审,,,
前漢紀,016,wiki,data/raw/前漢紀/卷016.txt,含侍中,,常與居禁闥内戯笑殿中爲書曰皇帝問侍中君卿¶,待审,,,
前漢紀,017,wiki,data/raw/前漢紀/卷017.txt,含侍中,,光兄子雲侍中奉車都尉雲弟樂平侯山領尚書事¶,待审,,,
前漢紀,017,wiki,data/raw/前漢紀/卷017.txt,复合官名,,采納其言考試功能侍中尚書雖功勞當遷輒厚加¶,待审,,,
前漢紀,018,wiki,data/raw/前漢紀/卷018.txt,含侍中,許,將史魯史玄長樂衞尉許舜侍中光祿大夫許延壽¶,待审,,,
前漢紀,018,wiki,data/raw/前漢紀/卷018.txt,含侍中,,詩不云乎無德不報其封賀子侍中中郞彭祖爲陽¶,待审,,,
前漢紀,019,wiki,data/raw/前漢紀/卷019.txt,含侍中,許,亦未可圖也上乃拜侍中許延壽爲強弩將軍即拜¶,待审,,,
前漢紀,021,wiki,data/raw/前漢紀/卷021.txt,含侍中,,皇帝癸未即位年二十六初宣帝寢疾引外屬侍中¶,待审,,,
前漢紀,021,wiki,data/raw/前漢紀/卷021.txt,含侍中,,兄侍中中郞將王舜爲安平侯丙午立皇后王氏封¶,待审,,,
前漢紀,021,wiki,data/raw/前漢紀/卷021.txt,含侍中,劉,時蕭望之周堪劉向及侍中金敞安上子中正敢言¶,待审,,,
前漢紀,021,wiki,data/raw/前漢紀/卷021.txt,含侍中,,方欲以望之爲宰相會望之子侍中散騎常侍中郞¶,待审,,,
前漢紀,021,wiki,data/raw/前漢紀/卷021.txt,含侍中,許,間何闊逢諸葛上嘉之加豐光禄大夫侍中許章不¶,待审,,,
前漢紀,022,wiki,data/raw/前漢紀/卷022.txt,含侍中,,玄成爲御史大夫九月戊子侍中衛尉王接爲大司¶,待审,,,
前漢紀,022,wiki,data/raw/前漢紀/卷022.txt,含侍中,,奉世中子謁者逡爲侍中逡因言顯專權不可任上¶,待审,,,
前漢紀,022,wiki,data/raw/前漢紀/卷022.txt,含侍中,,成也以永光二年禁薨子奉嗣侯爲侍中衛尉始見¶,待审,,,
前漢紀,023,wiki,data/raw/前漢紀/卷023.txt,含侍中,孫,后之舅史恭之孫爲侍中護太子家於是丹進曰所¶,待审,,,
前漢紀,023,wiki,data/raw/前漢紀/卷023.txt,含侍中,,爲京兆尹門下督嘗從至殿中侍中諸貴人爭趨揖¶,待审,,,
前漢紀,024,wiki,data/raw/前漢紀/卷024.txt,含侍中,,舅侍中衞尉平陽侯王鳳爲大司馬大將軍領尚書¶,待审,,,
前漢紀,024,wiki,data/raw/前漢紀/卷024.txt,含侍中,,五侯王氏子弟皆卿大夫侍中諸曹分據勢職盈滿¶,待审,,,
前漢紀,025,wiki,data/raw/前漢紀/卷025.txt,含侍中,鄭,以後賢異心各有損益中興之後大司農鄭衆侍中¶,待审,,,
前漢紀,025,wiki,data/raw/前漢紀/卷025.txt,含侍中,王,時鳳弟侍中王音私聽之告鳳鳳懼稱病就第乃上¶,待审,,,
前漢紀,025,wiki,data/raw/前漢紀/卷025.txt,含侍中,,月丁卯侍中太僕王音爲御史大夫五月除吏八百¶,待审,,,
前漢紀,025,wiki,data/raw/前漢紀/卷025.txt,含侍中,,而止婕妤兄伯爲光禄大夫侍中上甞設燕飲坐及¶,待审,,,
前漢紀,025,wiki,data/raw/前漢紀/卷025.txt,含侍中,班,言曰班侍中本大將軍所舉宜寵異之益求其比以¶,待审,,,
前漢紀,026,wiki,data/raw/前漢紀/卷026.txt,含侍中,,趙婕妤父臨爲陽城侯五月封舅曼子侍中騎都尉¶,待审,,,
前漢紀,026,wiki,data/raw/前漢紀/卷026.txt,含侍中,,侍中莾遂交結將相卿大夫救贍名士賑於賔客家¶,待审,,,
前漢紀,026,wiki,data/raw/前漢紀/卷026.txt,含侍中,,祠五畤侍中淳于長賜爵關内侯食邑千戶初將作¶,待审,,,
前漢紀,027,wiki,data/raw/前漢紀/卷027.txt,含侍中,,必亡矣二月封侍中衛尉淳于長爲定陵侯三月行¶,待审,,,
前漢紀,027,wiki,data/raw/前漢紀/卷027.txt,含侍中,,林卿爲侍中通輕俠傾京師免官歸過長陵上塜因¶,待审,,,
前漢紀,027,wiki,data/raw/前漢紀/卷027.txt,含侍中,,侍中光禄大夫莾以首發大姦拜大司馬時年三十¶,待审,,,
前漢紀,029,wiki,data/raw/前漢紀/卷029.txt,含侍中,董,臣所制上乃下詔封商崇以爲侍中董賢貴寵過度¶,待审,,,
前漢紀,029,wiki,data/raw/前漢紀/卷029.txt,含侍中,王,吾欲法堯禪舜如何侍中王閎平阿侯之子諫曰成¶,待审,,,
前漢紀,030,wiki,data/raw/前漢紀/卷030.txt,含侍中,,以立舊勲綜徃昭來永監後昆侍中悅上¶,待审,,,
史記,009,wiki,data/raw/史記/卷009.txt,含侍中,,留侯子張辟彊為侍中，年十五，謂丞相曰：「太后獨有孝惠，今崩，哭不悲，君知其解乎？,待审,,,
史記,012,wiki,data/raw/史記/卷012.txt,含侍中,,乙卯，令侍中儒者皮弁薦紳，射牛行事。,待审,,,
史記,012,wiki,data/raw/史記/卷012.txt,含侍中,,禮畢，天子獨與侍中奉車子侯上泰山，亦有封。,待审,,,
史記,020,wiki,data/raw/史記/卷020.txt,含侍中,,前事武帝，覺捕得侍中謀反者馬何羅等功侯，三千戶。,待审,,,
史記,020,wiki,data/raw/史記/卷020.txt,含侍中,,|金翁叔名日磾，以匈奴休屠王太子從渾邪王將眾五萬，降漢歸義，侍中，事武帝，覺捕侍中謀反者馬何羅等功侯，三千戶。,待审,,,
史記,020,wiki,data/raw/史記/卷020.txt,含侍中,,覺捕斬侍中謀反者馬何羅弟重合侯通功侯，三千戶。,待审,,,
史記,020,wiki,data/raw/史記/卷020.txt,含侍中,,以父桀為將軍故貴，侍中，事昭帝。,待审,,,
史記,020,wiki,data/raw/史記/卷020.txt,含侍中,,子延壽代立，為太僕，侍中。,待审,,,
史記,020,wiki,data/raw/史記/卷020.txt,含侍中,,入侍中，授昭帝韓詩，為御史大夫。,待审,,,
史記,020,wiki,data/raw/史記/卷020.txt,含侍中,,通詩、禮、尚書，為博士，授魯大儒，入侍中，為昭帝師，遷為光祿大夫，大鴻臚，長信少府。,待审,,,
史記,020,wiki,data/raw/史記/卷020.txt,含侍中,,以隴西騎士從軍得官，侍中，事武帝。,待审,,,
史記,020,wiki,data/raw/史記/卷020.txt,含侍中,,數將兵擊匈奴有功，為護軍都尉，侍中，事昭帝。,待审,,,
史記,020,wiki,data/raw/史記/卷020.txt,含侍中,,侍中，事昭帝。,待审,,,
史記,020,wiki,data/raw/史記/卷020.txt,含侍中,,以宣帝大母家貴，侍中，重厚忠信。,待审,,,
史記,020,wiki,data/raw/史記/卷020.txt,含侍中,,今為梟騎都尉，侍中。,待审,,,
史記,020,wiki,data/raw/史記/卷020.txt,含侍中,,子翁孟代立，為將軍，侍中。,待审,,,
史記,022,wiki,data/raw/史記/卷022.txt,含侍中,,|二月丁卯，侍中、中郎將霍禹為右將軍。,待审,,,
史記,022,wiki,data/raw/史記/卷022.txt,含侍中,,|右將軍平恩侯許嘉為車騎將軍，侍中、光祿大夫樂昌侯王商為右將軍，右將軍馮奉世為左將軍。,待审,,,
史記,024,wiki,data/raw/史記/卷024.txt,含侍中,李,至今上即位，作十九章，令侍中李延年次序其聲，拜為協律都尉。,待审,,,
史記,028,wiki,data/raw/史記/卷028.txt,含侍中,,乙卯，令侍中儒者皮弁薦紳，射牛行事。,待审,,,
史記,028,wiki,data/raw/史記/卷028.txt,含侍中,,禮畢，天子獨與侍中奉車子侯上泰山，亦有封。,待审,,,
史記,030,wiki,data/raw/史記/卷030.txt,含侍中,,桑弘羊以計算用事，侍中。,待审,,,
史記,030,wiki,data/raw/史記/卷030.txt,含侍中,,弘羊，雒陽賈人子，以心計，年十三侍中。,待审,,,
史記,049,wiki,data/raw/史記/卷049.txt,含侍中,,召其兄衛長君弟青為侍中。,待审,,,
史記,049,wiki,data/raw/史記/卷049.txt,含侍中,,四子，長子伉為侯世子，侯世子常侍中，貴幸。,待审,,,
史記,058,wiki,data/raw/史記/卷058.txt,含侍中,梁,梁之侍中、郎、謁者著籍引出入天子殿門，與漢宦官無異。,待审,,,
史記,087,wiki,data/raw/史記/卷087.txt,含侍中,,以趙高為郎中令，常侍中用事。,待审,,,
史記,087,wiki,data/raw/史記/卷087.txt,含侍中,,且陛下深拱禁中，與臣及侍中習法者待事，事來有以揆之。,待审,,,
史記,087,wiki,data/raw/史記/卷087.txt,含侍中,趙,趙高常侍中用事，事皆決於趙高。,待审,,,
史記,087,wiki,data/raw/史記/卷087.txt,含侍中,,趙高使其客十餘輩詐為御史、謁者、侍中，更往覆訊斯。,待审,,,
史記,091,wiki,data/raw/史記/卷091.txt,含侍中,,布所幸姬疾，請就醫，醫家與中大夫賁赫對門，姬數如醫家，賁赫自以為侍中，乃厚餽遺，從姬飲醫家。,待审,,,
史記,093,wiki,data/raw/史記/卷093.txt,含侍中,,及高祖初起沛，盧綰以客從，入漢中為將軍，常侍中。,待审,,,
史記,107,wiki,data/raw/史記/卷107.txt,含侍中,,灌夫家居雖富，然失勢，卿相侍中賓客益衰。,待审,,,
史記,111,wiki,data/raw/史記/卷111.txt,含侍中,,上聞，乃召青為建章監，侍中，及同母昆弟貴，賞賜數日閒累千金。,待审,,,
史記,111,wiki,data/raw/史記/卷111.txt,含侍中,,是歲也，大將軍姊子霍去病年十八，幸，為天子侍中。,待审,,,
史記,111,wiki,data/raw/史記/卷111.txt,含侍中,,然少而侍中，貴，不省士。,待审,,,
史記,111,wiki,data/raw/史記/卷111.txt,含侍中,,以御見，侍中，為校尉，數從大將軍。,待审,,,
史記,115,wiki,data/raw/史記/卷115.txt,含侍中,,左將軍素侍中，幸，將燕代卒，悍，乘勝，軍多驕。,待审,,,
史記,120,wiki,data/raw/史記/卷120.txt,含侍中,,大將軍青侍中，上踞廁而視之。,待审,,,
史記,122,wiki,data/raw/史記/卷122.txt,含侍中,,莊助使人言買臣，買臣以楚辭與助倶幸，侍中，爲太中大夫，用事；,待审,,,
史記,125,wiki,data/raw/史記/卷125.txt,含侍中,,故孝惠時郎侍中皆冠鵕䴊，貝帶，傅脂粉，化閎、籍之屬也。,待审,,,
史記,126,wiki,data/raw/史記/卷126.txt,含侍中,,詔拜以為郎，常在側侍中。,待审,,,
後漢書,101,wiki,data/raw/後漢書/卷101.txt,含侍中,,竇憲爲大將軍，憲弟笃、景等皆卿、校尉，憲女弟婿郭举爲侍中、射聲校尉，與卫尉鄧叠母元俱出入宫中，謀爲不轨。,待审,,,
後漢書,101,wiki,data/raw/後漢書/卷101.txt,含侍中,,三二三四頁一０行　憲女弟婿郭舉為侍中射聲校尉　按：竇憲傳作「憲女婿」，通鑑同，此云「憲女弟婿」，未詳孰是。,待审,,,
後漢書,102,wiki,data/raw/後漢書/卷102.txt,含侍中,,癸亥，皇后邓氏坐执左道废，迁于桐宫死，宗亲侍中沘阳侯邓康、河南尹邓万、越骑校尉邓弼、虎贲中郎将安阳侯邓会、侍中监羽林左骑邓德、右骑邓寿、昆阳侯邓统、淯阳侯邓秉、议郎邓循皆系暴室，万、会死，康等免官。,待审,,,
後漢書,103,wiki,data/raw/後漢書/卷103.txt,含侍中,,靈帝【光和元年】，南宫侍中寺雌雞欲化雄，一身毛皆似雄，但頭冠尚未變。,待审,,,
後漢書,103,wiki,data/raw/後漢書/卷103.txt,含侍中,,是時御史劉儵建議立靈帝，以儵爲侍中，中常侍侯览畏其亲近，必當間己，白拜儵泰山太守，因令司隸迫促殺之。,待审,,,
後漢書,10上,wiki,data/raw/後漢書/卷10上.txt,含侍中,,）子舉爲侍中，兼射聲校尉。,待审,,,
後漢書,10上,wiki,data/raw/後漢書/卷10上.txt,含侍中,傅,光武即位，令侍中傅俊迎-{后}-，與胡陽、寧平主諸宮人俱到洛陽，以-{后}-爲貴人。,待审,,,
後漢書,10上,wiki,data/raw/後漢書/卷10上.txt,含侍中,,永寧二年二月，寢病漸篤，乃乘輦於前殿，見侍中、尚書，因北至太子新所繕宮。,待审,,,
後漢書,10下,wiki,data/raw/後漢書/卷10下.txt,含侍中,,）三年，以-{后}-父侍中暢爲長水校尉，封北宜春侯，（注：北宜春，縣，屬汝南郡。,待审,,,
後漢書,10下,wiki,data/raw/後漢書/卷10下.txt,含侍中,,）位尊權重，威行前朝，乃風有司奏寶及其黨與中常侍樊豐、虎賁中郎將謝惲、惲弟侍中篤、篤弟大將軍長史宓、（注：《善文》曰：「惲字伯周。,待审,,,
後漢書,10下,wiki,data/raw/後漢書/卷10下.txt,含侍中,周,」）侍中周廣、阿母野王君王聖、聖女永、永壻黃門侍郎樊嚴等，更相阿黨，互作威福，探刺禁省，更爲唱和，皆大不道。,待审,,,
後漢書,10下,wiki,data/raw/後漢書/卷10下.txt,含侍中,,益陽公主，桓帝妹，侍中寇榮從兄子尚焉。,待审,,,
後漢書,10下,wiki,data/raw/後漢書/卷10下.txt,含侍中,,以康弟統襲封昆陽侯，位侍中；,待审,,,
後漢書,10下,wiki,data/raw/後漢書/卷10下.txt,含侍中,,帝聞感愴，乃下詔迎姬，置園中，使侍中持節拜爲弘農王妃。,待审,,,
後漢書,10下,wiki,data/raw/後漢書/卷10下.txt,含侍中,,）爲侍中。,待审,,,
後漢書,10下,wiki,data/raw/後漢書/卷10下.txt,含侍中,孫,（注：案：鄧禹玄孫少府襃尚舞陰長公主，耿弇曾孫侍中良尚濮陽長公主，岑彭玄孫魏郡守熙尚涅陽長公主，來歙玄孫虎賁中郎將定尚平氏長公主，並安帝妹也。,待审,,,
後漢書,10下,wiki,data/raw/後漢書/卷10下.txt,含侍中,鄧,）適昌安侯侍中鄧蕃。,待审,,,
後漢書,10下,wiki,data/raw/後漢書/卷10下.txt,含侍中,賈,）適即墨侯侍中賈建。,待审,,,
後漢書,11,wiki,data/raw/後漢書/卷11.txt,含侍中,,羣臣欲言事，輒醉不能見，時不得已，乃令侍中坐帷內與語。,待审,,,
後漢書,11,wiki,data/raw/後漢書/卷11.txt,含侍中,,萌私忿侍中，引下斬之，更始救請，不從。,待审,,,
後漢書,11,wiki,data/raw/後漢書/卷11.txt,含侍中,劉,侍中劉能卿知其謀，以告之。,待审,,,
後漢書,11,wiki,data/raw/後漢書/卷11.txt,含侍中,劉,初，侍中劉恭以赤眉立其弟盆子，自繫詔獄；,待审,,,
後漢書,11,wiki,data/raw/後漢書/卷11.txt,含侍中,,以明經數言事，拜侍中，從更始在長安。,待审,,,
後漢書,114,wiki,data/raw/後漢書/卷114.txt,含侍中,,至順帝時，平子爲侍中典校書，方作周官解說，乃欲以漸次述漢事，會復遷河閒相，遂莫能立也。,待审,,,
後漢書,114,wiki,data/raw/後漢書/卷114.txt,含侍中,,」時憙子世爲侍中，驂乘，歸具白之，憙以爲恨，頻譴責均，均自劾去，道發病亡。,待审,,,
後漢書,116,wiki,data/raw/後漢書/卷116.txt,含侍中,,侍中，比二千石。,待审,,,
後漢書,116,wiki,data/raw/後漢書/卷116.txt,含侍中,,周禮「太僕」，干寶注曰：「若漢侍中。,待审,,,
後漢書,116,wiki,data/raw/後漢書/卷116.txt,含侍中,,（注：蔡質漢儀曰：「侍中、常伯，選舊儒高德，博學淵懿。,待审,,,
後漢書,116,wiki,data/raw/後漢書/卷116.txt,含侍中,,司隸校尉見侍中，執板揖，河南尹亦如之。,待审,,,
後漢書,116,wiki,data/raw/後漢書/卷116.txt,含侍中,,又侍中舊與中官俱止禁中，武帝時，侍中莽何羅挾刃謀逆，由是侍中出禁外，有事乃入，畢即出。,待审,,,
後漢書,116,wiki,data/raw/後漢書/卷116.txt,含侍中,,王莽秉政，侍中復入，與中官共止。,待审,,,
後漢書,116,wiki,data/raw/後漢書/卷116.txt,含侍中,,章帝元和中，侍中郭舉與後宮通，拔佩刀驚上，舉伏誅，侍中由是復出外。,待审,,,
後漢書,116,wiki,data/raw/後漢書/卷116.txt,含侍中,,」獻帝起居注曰：「帝初即位，初置侍中、給事黃門侍郎，員各六人，出入禁中，近侍帷幄，省尚書事。,待审,,,
後漢書,116,wiki,data/raw/後漢書/卷116.txt,含侍中,,改給事黃門侍郎為侍中侍郎，去給事黃門之號，旋復復故。,待审,,,
後漢書,116,wiki,data/raw/後漢書/卷116.txt,含侍中,,舊侍中、黃門侍郎以在中宮者，不與近密交政。,待审,,,
後漢書,116,wiki,data/raw/後漢書/卷116.txt,含侍中,,誅黃門後，侍中、侍郎出入禁闈，機事頗露，由是王允乃奏比尚書，不得出入，不通賓客，自此始也。,待审,,,
後漢書,116,wiki,data/raw/後漢書/卷116.txt,含侍中,,自侍中至御史，皆以文属焉。,待审,,,
後漢書,117,wiki,data/raw/後漢書/卷117.txt,含侍中,,本注曰：员五人，职如侍中。,待审,,,
後漢書,119,wiki,data/raw/後漢書/卷119.txt,含侍中,,河南尹、執金吾、雒陽令奉引，奉車郎御，侍中參乘。,待审,,,
後漢書,12,wiki,data/raw/後漢書/卷12.txt,含侍中,,光武即位，以爲侍中。,待审,,,
後漢書,120,wiki,data/raw/後漢書/卷120.txt,含侍中,,」）侍中、中常侍加黃金璫，附蟬爲文，貂尾爲飾，謂之「趙惠文冠」。,待审,,,
後漢書,120,wiki,data/raw/後漢書/卷120.txt,复合官名,,」《獨斷》曰：「公卿侍中尚書衣皁而朝者曰朝臣。,待审,,,
後漢書,120,wiki,data/raw/後漢書/卷120.txt,含侍中,,璽以金銀縢組，侍中組負以從。,待审,,,
後漢書,120,wiki,data/raw/後漢書/卷120.txt,含侍中,,而有秩者侍中、中常侍、光祿大夫秩皆二千石，太中大夫秩皆比二千石，尚書、諫議大夫、侍御史、博士皆六百石，議郎、中謁者秩皆比六百石，小黃門、黃門侍郎、中黃門秩皆比四百石，郎中秩皆比三百石，太子舍人秩二百石。,待审,,,
後漢書,14,wiki,data/raw/後漢書/卷14.txt,含侍中,,更始立，歙從入關，封為元氏王，終為侍中。,待审,,,
後漢書,14,wiki,data/raw/後漢書/卷14.txt,含侍中,,延光中，護從兄瑰與安帝乳母王聖女伯榮私通，遂取伯榮為妻，得紹護封為朝陽侯，位侍中。,待审,,,
後漢書,15,wiki,data/raw/後漢書/卷15.txt,含侍中,,歷字伯珍，少襲爵，以公主子，永元中為侍中，監羽林右騎。,待审,,,
後漢書,15,wiki,data/raw/後漢書/卷15.txt,含侍中,周,明年，中常侍樊豐與大將軍耿寶、侍中周廣、謝惲等共讒陷太尉楊震，震遂自殺。,待审,,,
後漢書,15,wiki,data/raw/後漢書/卷15.txt,含侍中,,歷乃要結光祿勛祋諷，宗正劉瑋，將作大匠薛皓，侍中閭丘弘、陳光、趙代、施延，太中大夫朱倀、第五頡，中散大夫曹成，諫議大夫李尤，符節令張敬，持書侍御史龔調，羽林右監孔顯，城門司馬徐崇，衛尉守丞樂闈，長樂、未央廄令鄭安世等十餘人，俱詣鴻都門證太子無過。,待审,,,
後漢書,16,wiki,data/raw/後漢書/卷16.txt,含侍中,,【元興元年】，和帝復封乾本國，拜侍中。,待审,,,
後漢書,16,wiki,data/raw/後漢書/卷16.txt,含侍中,,昌安侯襲嗣子藩，亦尚顯宗女平臯長公主，和帝時為侍中。,待审,,,
後漢書,16,wiki,data/raw/後漢書/卷16.txt,含侍中,,及從兄騭誅，安帝征康為侍中。,待审,,,
後漢書,16,wiki,data/raw/後漢書/卷16.txt,含侍中,,悝虎賁中郎將，弘、閶皆侍中。,待审,,,
後漢書,16,wiki,data/raw/後漢書/卷16.txt,含侍中,,騭子侍中鳳，嘗與尚書郎張龕書，屬郎中馬融宜在臺閣。,待审,,,
後漢書,16,wiki,data/raw/後漢書/卷16.txt,含侍中,,鄧氏自中興後，累世寵貴，凡侯者二十九人，公二人，大將軍以下十三人，中二千石十四人，列校二十二人，州牧、郡守四十八人，其餘侍中、將、大夫、郎、謁者不可勝數，東京莫與為比。,待审,,,
後漢書,16,wiki,data/raw/後漢書/卷16.txt,含侍中,,榮少知名，桓帝時為侍中。,待审,,,
後漢書,17,wiki,data/raw/後漢書/卷17.txt,含侍中,,少為侍中、虎賁中郎將，朝廷多稱其能。,待审,,,
後漢書,17,wiki,data/raw/後漢書/卷17.txt,含侍中,,時鄧太后臨朝，光寵最盛，以建為侍中，順帝時為光祿勛。,待审,,,
後漢書,18,wiki,data/raw/後漢書/卷18.txt,含侍中,,光武即位，以為侍中、騎都尉。,待审,,,
後漢書,19,wiki,data/raw/後漢書/卷19.txt,含侍中,,延光中，尚安帝妹濮陽長公主，位至侍中。,待审,,,
後漢書,19,wiki,data/raw/後漢書/卷19.txt,含侍中,,寶弟子承襲公主爵爲林慮侯，位至侍中。,待审,,,
後漢書,19,wiki,data/raw/後漢書/卷19.txt,含侍中,,大貴人數爲耿氏請，陽嘉三年，順帝遂紹封寶子箕牟平侯，爲侍中。,待审,,,
後漢書,21,wiki,data/raw/後漢書/卷21.txt,含侍中,曹,復為左曹侍中，常從征伐。,待审,,,
後漢書,22,wiki,data/raw/後漢書/卷22.txt,含侍中,,世祖即位，以俊為侍中。,待审,,,
後漢書,22,wiki,data/raw/後漢書/卷22.txt,含侍中,,世祖即位，以武為侍中、騎都尉，封山都侯。,待审,,,
後漢書,23,wiki,data/raw/後漢書/卷23.txt,含侍中,金,融小心，久不自安，數辭讓爵位，因侍中金遷口達至誠。,待审,,,
後漢書,23,wiki,data/raw/後漢書/卷23.txt,含侍中,,【建初二年】，女弟立為皇后，拜憲為郎，稍遷侍中、虎賁中郎將；,待审,,,
後漢書,23,wiki,data/raw/後漢書/卷23.txt,含侍中,,和帝即位，太后臨朝，憲以侍中，內幹機密，出宣誥命。,待审,,,
後漢書,23,wiki,data/raw/後漢書/卷23.txt,含侍中,,是時，篤為衛尉，景、瑰皆侍中、奉車、駙馬都尉，四家競修第宅，窮極工匠。,待审,,,
後漢書,23,wiki,data/raw/後漢書/卷23.txt,含侍中,鄧,』憲獨不受封，遂將兵出鎮涼州，以侍中鄧疊行征西將軍事為副。,待审,,,
後漢書,23,wiki,data/raw/後漢書/卷23.txt,含侍中,,叔父霸為城門校尉，霸弟褒將作大匠，褒弟嘉少府，其為侍中、將、大夫、郎吏十餘人。,待审,,,
後漢書,24,wiki,data/raw/後漢書/卷24.txt,含侍中,,永元二年，光爲太僕，康爲侍中。,待审,,,
後漢書,25,wiki,data/raw/後漢書/卷25.txt,含侍中,,更始立，以茂為侍中祭酒，從至長安，知更始政亂，以年老乞骸骨歸。,待审,,,
後漢書,25,wiki,data/raw/後漢書/卷25.txt,含侍中,,會詔百官舉賢良方正，恭薦中牟名士王方，帝即徵方詣公車，禮之與公卿所舉同，方致位侍中。,待审,,,
後漢書,25,wiki,data/raw/後漢書/卷25.txt,含侍中,,遷侍中，數召宴見，問以得失，賞賜恩禮寵異焉。,待审,,,
後漢書,25,wiki,data/raw/後漢書/卷25.txt,含侍中,,其夜拜侍中，敕使陪乘，勞問甚渥。,待审,,,
後漢書,25,wiki,data/raw/後漢書/卷25.txt,含侍中,,時弟丕亦為侍中。,待审,,,
後漢書,25,wiki,data/raw/後漢書/卷25.txt,含侍中,賈,時，侍中賈逵薦丕道藝深明，宜見任用。,待审,,,
後漢書,25,wiki,data/raw/後漢書/卷25.txt,含侍中,賈,和帝因朝會，召見諸儒，丕與侍中賈逵、尚書令黃香等相難數事，帝善丕說，罷朝，特賜冠幘履襪衣一襲。,待审,,,
後漢書,25,wiki,data/raw/後漢書/卷25.txt,含侍中,,十三年，遷為侍中，免。,待审,,,
後漢書,25,wiki,data/raw/後漢書/卷25.txt,含侍中,,【永初二年】，詔公卿舉儒術篤學者，大將軍鄧騭舉丕，再遷，復為侍中、左中郎將，再為三老。,待审,,,
後漢書,25,wiki,data/raw/後漢書/卷25.txt,含侍中,,遷侍中，賜衣一襲。,待审,,,
後漢書,26,wiki,data/raw/後漢書/卷26.txt,含侍中,,卒，子無忌嗣，亦傳家學，博物多識，順帝時，為侍中屯騎校尉。,待审,,,
後漢書,26,wiki,data/raw/後漢書/卷26.txt,含侍中,,弘少而溫順，哀、平間作侍中，王莽時為共工。,待审,,,
後漢書,26,wiki,data/raw/後漢書/卷26.txt,含侍中,,哀、平間以儒學顯，徵試博士，對策陳災異，以高等擢拜議郎，遷侍中。,待审,,,
後漢書,26,wiki,data/raw/後漢書/卷26.txt,含侍中,,卯延光中為侍中，薨，子留嗣。,待审,,,
後漢書,27,wiki,data/raw/後漢書/卷27.txt,含侍中,,更始即位，征為侍中。,待审,,,
後漢書,27,wiki,data/raw/後漢書/卷27.txt,含侍中,,十七年，拜侍中祭酒。,待审,,,
後漢書,27,wiki,data/raw/後漢書/卷27.txt,含侍中,,建和初，四府表薦，征拜議郎，侍講禁內，再遷為侍中。,待审,,,
後漢書,27,wiki,data/raw/後漢書/卷27.txt,含侍中,,獻帝西遷都，為侍中，同輿輦至長安，封江南亭侯，代楊彪為司空，免，頃之，復為司徒，錄尚書事。,待审,,,
後漢書,28上,wiki,data/raw/後漢書/卷28上.txt,含侍中,,後賢果風太醫令真欽，使求傅氏罪過，遂逮后弟侍中喜，詔獄無所得，乃解，故傅氏終全於哀帝之時。,待审,,,
後漢書,29,wiki,data/raw/後漢書/卷29.txt,含侍中,,時，有矯稱侍中止傳舍者，興欲謁之。,待审,,,
後漢書,3,wiki,data/raw/後漢書/卷3.txt,含侍中,,」）侍中淳于恭奏，帝親稱制臨決，如孝宣甘露石渠故事，{{*|《前書》：「【甘露二年】，詔諸儒講五經異同，蕭望之等平奏其議，上親制臨決焉。,待审,,,
後漢書,30上,wiki,data/raw/後漢書/卷30上.txt,含侍中,,拜侍中，數月，以病免。,待审,,,
後漢書,30上,wiki,data/raw/後漢書/卷30上.txt,含侍中,,時統為侍中，厚隨在京師。,待审,,,
後漢書,30上,wiki,data/raw/後漢書/卷30上.txt,含侍中,,及至，拜議郎，三遷為侍中，特蒙引見，訪以時政。,待审,,,
後漢書,30上,wiki,data/raw/後漢書/卷30上.txt,含侍中,,時大將軍梁冀威權傾朝，遣弟侍中不疑以車馬、珍玩致遺於厚，欲與相見。,待审,,,
後漢書,31,wiki,data/raw/後漢書/卷31.txt,含侍中,,曾祖霸，元帝時為侍中。,待审,,,
後漢書,32,wiki,data/raw/後漢書/卷32.txt,含侍中,,服闋，就侍中丁恭受《公羊嚴氏春秋》。,待审,,,
後漢書,32,wiki,data/raw/後漢書/卷32.txt,含侍中,,遷侍中，以母憂辭歸。,待审,,,
後漢書,32,wiki,data/raw/後漢書/卷32.txt,含侍中,,九年，遷侍中，賜爵關內侯。,待审,,,
後漢書,32,wiki,data/raw/後漢書/卷32.txt,含侍中,,明年夏，帝風眩疾甚，後以興領侍中，受顧命於雲臺廣室。,待审,,,
後漢書,32,wiki,data/raw/後漢書/卷32.txt,含侍中,,【永平元年】詔曰：『故侍中衛尉關內侯興，典領禁兵，從平天下，當以軍功顯受封爵，又諸舅比例，應蒙恩澤，興皆固讓，安乎裏巷。,待审,,,
後漢書,33,wiki,data/raw/後漢書/卷33.txt,含侍中,,尚顯宗女獲嘉長公主，少為侍中，以恭肅謙約稱，位至將作大匠。,待审,,,
後漢書,33,wiki,data/raw/後漢書/卷33.txt,含侍中,,定弟石，襲母公主封獲嘉侯，亦為侍中，稍遷衛尉。,待审,,,
後漢書,33,wiki,data/raw/後漢書/卷33.txt,含侍中,,出為平原相，徵拜侍中。,待审,,,
後漢書,33,wiki,data/raw/後漢書/卷33.txt,含侍中,竇,在位四年，奏尚書張林阿附侍中竇憲，而素行臧穢，又上洛陽令楊光，憲之賓客，在官貪殘，並不宜處位。,待审,,,
後漢書,34,wiki,data/raw/後漢書/卷34.txt,含侍中,,棠卒，子安國嗣，延光中爲侍中，有罪免官，諸梁爲郎吏者皆坐免。,待审,,,
後漢書,34,wiki,data/raw/後漢書/卷34.txt,含侍中,,三年，順帝選商女及妹入掖庭，遷侍中、屯騎校尉。,待审,,,
後漢書,34,wiki,data/raw/後漢書/卷34.txt,含侍中,,初爲黃門侍郎，轉侍中、虎賁中郎將，越騎、步兵校尉，執金吾。,待审,,,
後漢書,34,wiki,data/raw/後漢書/卷34.txt,含侍中,,商薨未及葬，順帝乃拜冀爲大將軍，弟侍中不疑爲河南尹。,待审,,,
後漢書,34,wiki,data/raw/後漢書/卷34.txt,含侍中,,冒名而爲侍中、卿、校尉、郡守、長吏者十餘人，皆貪叨凶淫，各遣私客籍屬縣富人，被以它罪，閉獄掠拷，使出錢自贖，資物少者至於死徙。,待审,,,
後漢書,35,wiki,data/raw/後漢書/卷35.txt,含侍中,,父放，為成帝侍中。,待审,,,
後漢書,35,wiki,data/raw/後漢書/卷35.txt,含侍中,,純少襲爵士，哀、平間為侍中，王莽時至列卿。,待审,,,
後漢書,35,wiki,data/raw/後漢書/卷35.txt,含侍中,,』拜充侍中。,待审,,,
後漢書,35,wiki,data/raw/後漢書/卷35.txt,含侍中,,拜褒侍中，從駕南巡，既還，以事下三公，未及奏，詔召玄武司馬班固，問改定禮制之宜。,待审,,,
後漢書,35,wiki,data/raw/後漢書/卷35.txt,含侍中,,有頃征，再遷，復為侍中。,待审,,,
後漢書,35,wiki,data/raw/後漢書/卷35.txt,含侍中,,後將軍袁隗表為侍中，以父喪不行。,待审,,,
後漢書,36,wiki,data/raw/後漢書/卷36.txt,含侍中,劉,）侍中劉歆欲立左氏，不先暴論大義，而輕移太常，恃其義長，詆挫諸儒，諸儒内懷不服，相與排之。,待审,,,
後漢書,36,wiki,data/raw/後漢書/卷36.txt,含侍中,,八年，-{復}-爲侍中，領騎都尉。,待审,,,
後漢書,36,wiki,data/raw/後漢書/卷36.txt,含侍中,,位至侍中，以老病乞身，帝賜以大夫祿，歸鄕-{里}-。,待审,,,
後漢書,36,wiki,data/raw/後漢書/卷36.txt,含侍中,,-{後}--{征}-，四遷爲侍中。,待审,,,
後漢書,37,wiki,data/raw/後漢書/卷37.txt,含侍中,,帝以郁先師子，有禮讓，甚見親厚，常居中論經書，問以政事，稍遷侍中。,待审,,,
後漢書,37,wiki,data/raw/後漢書/卷37.txt,含侍中,,{{*|《東觀記》曰「【永平十四年】爲議郎，遷侍中」也。,待审,,,
後漢書,37,wiki,data/raw/後漢書/卷37.txt,含侍中,,』」）以侍中監虎賁中郎將。,待审,,,
後漢書,37,wiki,data/raw/後漢書/卷37.txt,含侍中,,』」）肅宗即位，郁以母憂乞身，詔聽以侍中行服。,待审,,,
後漢書,37,wiki,data/raw/後漢書/卷37.txt,含侍中,,議者皆以郁身爲名儒，學者之宗，可許之，於是詔郁以侍中行服」也。,待审,,,
後漢書,37,wiki,data/raw/後漢書/卷37.txt,含侍中,竇,和帝即位，富於春秋，侍中竇憲自以外戚之重，欲令少主頗涉經學，上疏皇太后曰：「《禮記》云：『天下之命，懸於天子；,待审,,,
後漢書,37,wiki,data/raw/後漢書/卷37.txt,含侍中,,頃之，轉爲侍中奉車都尉。,待审,,,
後漢書,37,wiki,data/raw/後漢書/卷37.txt,含侍中,,【永初元年】，入授安帝，三遷爲侍中步兵校尉。,待审,,,
後漢書,37,wiki,data/raw/後漢書/卷37.txt,含侍中,,頃之，拜侍中。,待审,,,
後漢書,37,wiki,data/raw/後漢書/卷37.txt,含侍中,,）使五官中郎將魏應主承制問難，侍中淳于恭奏上，帝親稱制臨決。,待审,,,
後漢書,37,wiki,data/raw/後漢書/卷37.txt,含侍中,,一二五五頁一行以侍中監虎賁中郎將按：刊誤謂漢無監虎賁官，蓋是「兼」字，與丁鴻同也。,待审,,,
後漢書,39,wiki,data/raw/後漢書/卷39.txt,含侍中,,建光中，公車特徵，至，拜侍中。,待审,,,
後漢書,39,wiki,data/raw/後漢書/卷39.txt,含侍中,,平再遷侍中，【永平三年】，拜宗正，數薦達名士承宮、郇恁等。,待审,,,
後漢書,39,wiki,data/raw/後漢書/卷39.txt,含侍中,,永平中，辟太尉府，顯宗素聞其行，詔拜諫議大夫，遷侍中，又遷長樂衛尉。,待审,,,
後漢書,39,wiki,data/raw/後漢書/卷39.txt,含侍中,,引見極日，訪以政事，遷侍中騎都尉，禮待甚優。,待审,,,
後漢書,39,wiki,data/raw/後漢書/卷39.txt,含侍中,竇,於是京師貴戚衛尉馬廖、侍中竇憲慕其行，各奉書致禮，革無所報受。,待审,,,
後漢書,39,wiki,data/raw/後漢書/卷39.txt,含侍中,賈,積十餘歲，至永元十年，有司復奏之，侍中賈逵因上書曰：「孔子稱『能以禮讓為國，於從政乎何有』。,待审,,,
後漢書,39,wiki,data/raw/後漢書/卷39.txt,含侍中,,」乃征愷，拜為郎，稍遷侍中。,待审,,,
後漢書,39,wiki,data/raw/後漢書/卷39.txt,含侍中,,復拜侍中，遷長水校尉。,待审,,,
後漢書,4,wiki,data/raw/後漢書/卷4.txt,含侍中,,侍中憲，朕之元兄，行能兼備，忠孝尤篤，先帝所器，親受遺詔，當以舊典輔斯職焉。,待审,,,
後漢書,4,wiki,data/raw/後漢書/卷4.txt,含侍中,竇,冬十月乙亥，以侍中竇憲爲車騎將軍，伐北匈奴。,待审,,,
後漢書,4,wiki,data/raw/後漢書/卷4.txt,含侍中,,）璜子侍中舉，衞尉鄧疊，疊弟步兵校尉磊，皆下獄死。,待审,,,
後漢書,40上,wiki,data/raw/後漢書/卷40上.txt,含侍中,,法駕，公*[卿]*不在鹵簿中，唯執金吾奉引，侍中驂乘。,待审,,,
後漢書,43,wiki,data/raw/後漢書/卷43.txt,含侍中,,後穆因進見，口復陳曰：「臣聞漢家舊典，置侍中、中常侍各一人，省尚書事，黃門侍郎一人，傳發書奏，皆用姓族。,待审,,,
後漢書,43,wiki,data/raw/後漢書/卷43.txt,含侍中,,」常伯，侍中。,待审,,,
後漢書,43,wiki,data/raw/後漢書/卷43.txt,含侍中,竇,時齊殤王子都鄉侯暢奔吊國憂，上書未報，侍中竇憲遂令人刺殺暢於城門屯□之中，而主名不立。,待审,,,
後漢書,45,wiki,data/raw/後漢書/卷45.txt,含侍中,,初拜郎中，稍遷侍中，出為蜀郡太守。,待审,,,
後漢書,45,wiki,data/raw/後漢書/卷45.txt,含侍中,,和帝時，歷位將軍、大夫、侍中，出為東郡太守，征拜太僕、光祿勳。,待审,,,
後漢書,45,wiki,data/raw/後漢書/卷45.txt,含侍中,,及肅宗即位，擢酺為侍中、虎賁中郎將。,待审,,,
後漢書,45,wiki,data/raw/後漢書/卷45.txt,含侍中,竇,和帝即位，侍中竇憲使人刺殺齊殤王子都鄉侯暢於上東門，有司畏憲，鹹委疑於暢兄弟。,待审,,,
後漢書,46,wiki,data/raw/後漢書/卷46.txt,含侍中,,郭氏自弘後，數世皆傳法律，子孫至公者一人，廷尉七人，侯者三人，刺史、二千石、侍中、中郎將者二十餘人，侍御史、正、監、平者甚觿。,待审,,,
後漢書,46,wiki,data/raw/後漢書/卷46.txt,含侍中,竇,皇后弟侍中竇憲，薦真定令張林為尚書，帝以問壟，壟對「林雖有才能，而素行貪濁」，憲以此深恨壟。,待审,,,
後漢書,46,wiki,data/raw/後漢書/卷46.txt,含侍中,,」書御，有詔拜有道高第士沛國施延為侍中，延後位至太尉。,待审,,,
後漢書,48,wiki,data/raw/後漢書/卷48.txt,含侍中,賈,（注：【《袁山松書》曰「侍中賈逵薦終博達忠直，徵拜郎中。,待审,,,
後漢書,48,wiki,data/raw/後漢書/卷48.txt,含侍中,,和帝【永元九年】，應賢良方正對策，除愽士，遷侍中、光祿大夫。,待审,,,
後漢書,48,wiki,data/raw/後漢書/卷48.txt,含侍中,,仕郡，徵拜議郎，遷侍中。,待审,,,
後漢書,48,wiki,data/raw/後漢書/卷48.txt,含侍中,,桓帝時徵博士，太尉楊秉等舉賢良方正，再遷爲侍中。,待审,,,
後漢書,48,wiki,data/raw/後漢書/卷48.txt,含侍中,,」】）帝曰：「昔朱雲廷折欄檻，今侍中面稱朕違，敬聞闕矣。,待审,,,
後漢書,5,wiki,data/raw/後漢書/卷5.txt,含侍中,,辛卯，大將軍耿寶、中常侍樊豐、侍中謝惲、周廣、乳母野王君王聖，坐相阿黨，豐、惲、廣下獄死，寶自殺，聖徙鴈門。,待审,,,
後漢書,51,wiki,data/raw/後漢書/卷51.txt,含侍中,,帝不從，而遷升侍中。,待审,,,
後漢書,52,wiki,data/raw/後漢書/卷52.txt,含侍中,竇,[一]帝雅好文章，自見駰頌後，*(帝)**[常]*嗟歎之，謂侍中竇憲曰：「卿寧知崔駰乎？,待审,,,
後漢書,52,wiki,data/raw/後漢書/卷52.txt,含侍中,賈,年十八，至京師，從侍中賈逵質正大義，逵善待之，瑗因留遊學，遂明天官、歷數、京房易傳、六日七分。,待审,,,
後漢書,53,wiki,data/raw/後漢書/卷53.txt,含侍中,,注[二]續漢志曰，征爽爲司空，融爲尚書，紀爲侍中。,待审,,,
後漢書,54,wiki,data/raw/後漢書/卷54.txt,含侍中,,而伯榮驕淫尤甚，與故朝陽侯劉護從兄纓交通，[一七]纓遂以為妻，得襲護爵，位至侍中。,待审,,,
後漢書,54,wiki,data/raw/後漢書/卷54.txt,含侍中,,今纓無佗功行，但以配阿母女，一時之閒，既位侍中，又至封侯，不稽舊制，不合經義，行人諠嘩，百姓不安。,待审,,,
後漢書,54,wiki,data/raw/後漢書/卷54.txt,含侍中,周,時詔遣使者大為阿母修第，中常侍樊豐及侍中周廣﹑謝惲等更相扇動，傾搖朝廷。,待审,,,
後漢書,54,wiki,data/raw/後漢書/卷54.txt,含侍中,,牧孫奇，靈帝時為侍中，帝嘗從容問奇曰：「朕何如桓帝？,待审,,,
後漢書,54,wiki,data/raw/後漢書/卷54.txt,含侍中,,帝崩後，復入為侍中衛尉，從獻帝西遷，有功勤。,待审,,,
後漢書,54,wiki,data/raw/後漢書/卷54.txt,含侍中,,及帝東還，夜走度河，觿率諸官屬步從至太陽，拜侍中。,待审,,,
後漢書,54,wiki,data/raw/後漢書/卷54.txt,含侍中,,桓帝即位，以明尚書征入勸講，[一]拜太中大夫﹑左中郎將，遷侍中﹑尚書。,待审,,,
後漢書,54,wiki,data/raw/後漢書/卷54.txt,含侍中,,後以司空高第，再遷侍中、越騎校尉。,待审,,,
後漢書,54,wiki,data/raw/後漢書/卷54.txt,含侍中,,」書奏，帝欲止，以問侍中任芝﹑中常侍樂松。,待审,,,
後漢書,54,wiki,data/raw/後漢書/卷54.txt,含侍中,,熹平中，以博習舊聞，公車徵拜議郎，[一]遷侍中﹑京兆尹。,待审,,,
後漢書,54,wiki,data/raw/後漢書/卷54.txt,含侍中,,征還為侍中﹑五官中郎將，遷穎川﹑南陽太守，復拜侍中，三遷永樂少府﹑太僕﹑衛尉。,待审,,,
後漢書,55,wiki,data/raw/後漢書/卷55.txt,含侍中,劉,又遣中常侍奉太牢祠典，護禮儀侍中劉珍等及宗室列侯皆往會事。,待审,,,
後漢書,55,wiki,data/raw/後漢書/卷55.txt,含侍中,,宋氏為卿、校、侍中、大夫、謁者、郎吏十餘人。,待审,,,
後漢書,56,wiki,data/raw/後漢書/卷56.txt,含侍中,,」太祖辟粲為丞相掾，後為侍中。,待审,,,
後漢書,56,wiki,data/raw/後漢書/卷56.txt,含侍中,,及進敗，獻帝即位，拜劭為侍中。,待审,,,
後漢書,56,wiki,data/raw/後漢書/卷56.txt,含侍中,,初，合兄侍中儵，與大將軍竇武同謀俱死，故合與球相結。,待审,,,
後漢書,56,wiki,data/raw/後漢書/卷56.txt,含侍中,,今曹節等放縱為害，而久在左右，又公兄侍中受害節等，永樂太后所親知也。,待审,,,
後漢書,56,wiki,data/raw/後漢書/卷56.txt,含侍中,馬,一八三０頁一二行左中郎劉范諫議大夫馬宇按：集解引錢大昕說，謂董卓傳云「侍中馬宇、右中郎將劉范」。,待审,,,
後漢書,56,wiki,data/raw/後漢書/卷56.txt,含侍中,,一八三四頁五行合兄侍中儵按：殿本「儵」作「鯈」。,待审,,,
後漢書,57,wiki,data/raw/後漢書/卷57.txt,含侍中,,以所舉將為尚書，難與齊列，乞從冗散，拜侍中。,待审,,,
後漢書,57,wiki,data/raw/後漢書/卷57.txt,含侍中,,及帝崩，大將軍竇武欲大誅宦官，乃引瑜為侍中，又以侍中尹勳為尚書令，共同謀畫。,待审,,,
後漢書,57,wiki,data/raw/後漢書/卷57.txt,含侍中,,勳後再遷至九卿，以病免，拜為侍中。,待审,,,
後漢書,59,wiki,data/raw/後漢書/卷59.txt,含侍中,賈,往者侍中賈逵摘讖互異三十餘事，諸言讖者皆不能說。,待审,,,
後漢書,59,wiki,data/raw/後漢書/卷59.txt,含侍中,,後遷侍中，帝引在帷幄，諷議左右。,待审,,,
後漢書,59,wiki,data/raw/後漢書/卷59.txt,含侍中,,及為侍中，上疏請得專事東觀，收撿遺文，畢力補綴。,待审,,,
後漢書,6,wiki,data/raw/後漢書/卷6.txt,含侍中,王,」）今遣侍中王輔等，持節分詣岱山、東海、滎陽、河、洛，盡心祈焉。,待审,,,
後漢書,6,wiki,data/raw/後漢書/卷6.txt,含侍中,,丁卯，遣侍中杜喬、光祿大夫周舉、守光祿大夫郭遵、馮羨、欒巴、張綱、周栩、劉班等八人分行州郡，班宣風化，舉實臧否。,待审,,,
後漢書,60下,wiki,data/raw/後漢書/卷60下.txt,含侍中,,桑弘羊，洛陽賈人也，以能心計為侍中。,待审,,,
後漢書,60下,wiki,data/raw/後漢書/卷60下.txt,含侍中,,」侍中祭酒樂松、賈護，多引無行趣埶之徒，並待制鴻都門下，憙陳方俗閭里小事，帝甚悅之，待以不次之位。,待审,,,
後漢書,60下,wiki,data/raw/後漢書/卷60下.txt,含侍中,,其諸生皆勅州郡三公舉用辟召，或出為刺史、太守，入為尚書、侍中，乃有封侯賜爵者，士君子皆恥與為列焉。,待审,,,
後漢書,60下,wiki,data/raw/後漢書/卷60下.txt,含侍中,,』」又南宮侍中寺，雌雞欲化為雄，一身毛皆似雄，但頭冠尚未變。,待审,,,
後漢書,60下,wiki,data/raw/後漢書/卷60下.txt,含侍中,,遷巴郡太守，復留為侍中。,待审,,,
後漢書,61,wiki,data/raw/後漢書/卷61.txt,含侍中,,時詔遣八使巡行風俗，皆選素有威名者，乃拜舉為侍中，舉侍中杜喬、守光祿大夫周栩、前青州刺史馮羨、尚書欒巴、侍御史張綱、兗州刺史郭遵、太尉長史劉班並守光祿大夫，分行天下。,待审,,,
後漢書,61,wiki,data/raw/後漢書/卷61.txt,含侍中,,至光和末，太尉楊賜上書薦琬有撥亂之才，由是征拜議郎，擢為青州刺史，遷侍中。,待审,,,
後漢書,62,wiki,data/raw/後漢書/卷62.txt,含侍中,,進恐其不至，迎薦為侍中，及進敗而詔命中絕。,待审,,,
後漢書,62,wiki,data/raw/後漢書/卷62.txt,含侍中,,累遷秘書監、侍中。,待审,,,
後漢書,62,wiki,data/raw/後漢書/卷62.txt,含侍中,,董卓入洛陽，乃使就家拜五官中郎將，不得已，到京師，遷侍中。,待审,,,
後漢書,63,wiki,data/raw/後漢書/卷63.txt,含侍中,,宜令步兵校尉冀及諸侍中還居黃門之官，使權去外戚，政歸國家，豈不休乎！,待审,,,
後漢書,63,wiki,data/raw/後漢書/卷63.txt,复合官名,,又詔書所以禁侍中尚書中臣子弟不得為吏察孝廉者，以其秉威權，容請托故也。,待审,,,
後漢書,63,wiki,data/raw/後漢書/卷63.txt,含侍中,,一日朝會，見諸侍中並皆年少，無一宿儒大人可顧問者，誠可歎息。,待审,,,
後漢書,63,wiki,data/raw/後漢書/卷63.txt,含侍中,,侍中杜喬，學深行直，當世良臣，久托疾病，可□令起。,待审,,,
後漢書,63,wiki,data/raw/後漢書/卷63.txt,含侍中,,稍遷為南郡太守，轉東海相，入拜侍中。,待审,,,
後漢書,64,wiki,data/raw/後漢書/卷64.txt,含侍中,,稍遷侍中。,待审,,,
後漢書,64,wiki,data/raw/後漢書/卷64.txt,含侍中,,[一]帝以非急務，轉為侍中，遷尚書。,待审,,,
後漢書,64,wiki,data/raw/後漢書/卷64.txt,含侍中,,注[六]魏志曰：「毓字子家，十歲而孤，以學行稱，仕魏至侍中、吏部尚書。,待审,,,
後漢書,65,wiki,data/raw/後漢書/卷65.txt,含侍中,,軍至，拜侍中。,待审,,,
後漢書,66,wiki,data/raw/後漢書/卷66.txt,含侍中,,長子侍中蓋、次子景、定及宗族十餘人皆見誅害，唯兄子晨、陵得脫歸鄉里。,待审,,,
後漢書,67,wiki,data/raw/後漢書/卷67.txt,含侍中,,又再遷侍中、虎賁中郎將。,待审,,,
後漢書,67,wiki,data/raw/後漢書/卷67.txt,含侍中,,」）察孝廉，舉高第，三遷侍中。,待审,,,
後漢書,68,wiki,data/raw/後漢書/卷68.txt,含侍中,,魏國建，爲侍中。,待审,,,
後漢書,69,wiki,data/raw/後漢書/卷69.txt,含侍中,,子機渭陽侯，拜侍中；,待审,,,
後漢書,69,wiki,data/raw/後漢書/卷69.txt,含侍中,,紹弟靖西鄉侯，為侍中，監羽林左騎。,待审,,,
後漢書,69,wiki,data/raw/後漢書/卷69.txt,含侍中,劉,武於是引同志尹勳為尚書令，劉瑜為侍中，馮述為屯騎校尉；,待审,,,
後漢書,69,wiki,data/raw/後漢書/卷69.txt,含侍中,,【光和二年】，貴人立為皇后，徵進入，拜侍中、將作大匠、河南尹。,待审,,,
後漢書,70,wiki,data/raw/後漢書/卷70.txt,含侍中,,公業等與侍中伍瓊、卓長史何顒共說卓，以袁紹爲勃海太守，以發山東之謀。,待审,,,
後漢書,70,wiki,data/raw/後漢書/卷70.txt,含侍中,,七世祖霸，爲元帝師，位至侍中。,待审,,,
後漢書,70,wiki,data/raw/後漢書/卷70.txt,含侍中,,及帝都許，以彧爲侍中，守尚書令。,待审,,,
後漢書,70,wiki,data/raw/後漢書/卷70.txt,含侍中,,荀彧薦襲，太祖以爲丞相軍謀祭酒，魏國建，爲侍中。,待审,,,
後漢書,70,wiki,data/raw/後漢書/卷70.txt,含侍中,,使持節侍中守尚書令萬歲亭侯彧，國之望臣，德洽華夏，旣停軍所次，便宜與臣俱進，宣示國命，威懷醜虜。,待审,,,
後漢書,70,wiki,data/raw/後漢書/卷70.txt,含侍中,,」書奏，帝從之，遂以彧爲侍中、光祿大夫，持節，參丞相軍事。,待审,,,
後漢書,71,wiki,data/raw/後漢書/卷71.txt,含侍中,,堅壽亦顯名，後為侍中，辭不拜，病卒。,待审,,,
後漢書,72,wiki,data/raw/後漢書/卷72.txt,含侍中,,乃任吏部尚書漢陽周珌、侍中汝南伍瓊、（注：《英雄記》「珌」作「毖」，字仲遠，武威人。,待审,,,
後漢書,72,wiki,data/raw/後漢書/卷72.txt,含侍中,劉,）侍中劉岱為兗州刺史，（注：《吳志》曰：「劉岱字公山，東萊牟平人。,待审,,,
後漢書,72,wiki,data/raw/後漢書/卷72.txt,含侍中,,）以弟旻為左將軍，封鄠侯，兄子璜為侍中、中軍校尉，皆典兵事。,待审,,,
後漢書,72,wiki,data/raw/後漢書/卷72.txt,含侍中,馬,時騰私有求於傕，不獲而怒，遂與侍中馬宇、右中郎將劉範、（注：焉之子。,待审,,,
後漢書,72,wiki,data/raw/後漢書/卷72.txt,含侍中,劉,既知不實，使侍中劉艾出讓有司。,待审,,,
後漢書,72,wiki,data/raw/後漢書/卷72.txt,含侍中,劉,傕兵數百人皆持大戟在乘輿車前，侍中劉艾大呼云：『是天子也！,待审,,,
後漢書,72,wiki,data/raw/後漢書/卷72.txt,含侍中,楊,』使侍中楊琦高舉車帷。,待审,,,
後漢書,72,wiki,data/raw/後漢書/卷72.txt,含侍中,,侍中种輯素與定親，乃言曰：『段煨欲反。,待审,,,
後漢書,72,wiki,data/raw/後漢書/卷72.txt,含侍中,,諸將或遣婢詣省問，或齎酒送天子，侍中不通，喧呼罵詈」也。,待审,,,
後漢書,72,wiki,data/raw/後漢書/卷72.txt,含侍中,,（注：袁宏紀曰：「誅議郎侯祈、尚書馮碩、侍中臺崇，討有罪也。,待审,,,
後漢書,72,wiki,data/raw/後漢書/卷72.txt,含侍中,,封衞將軍董承、輔國將軍伏完、侍中丁沖、种輯、尚書僕射鍾繇、尚書郭溥、御史中丞董芬、彭城相劉艾、馮翊韓斌、東郡太守楊衆、議郎羅邵、伏德、趙蕤為列侯，賞有功也。,待审,,,
後漢書,73,wiki,data/raw/後漢書/卷73.txt,含侍中,,時虞子和為侍中，因此遣和潛從武關出，告虞將兵來迎。,待审,,,
後漢書,74上,wiki,data/raw/後漢書/卷74上.txt,含侍中,周,時侍中周珌、城門校尉伍瓊為卓所信待，瓊等陰為紹說卓曰：「夫廢立大事，非常人所及。,待审,,,
後漢書,74下,wiki,data/raw/後漢書/卷74下.txt,含侍中,,至許，果拜嵩侍中、零陵太守。,待审,,,
後漢書,74下,wiki,data/raw/後漢書/卷74下.txt,含侍中,,初，表之結袁紹也，侍中從事鄧義諫不聽。,待审,,,
後漢書,74下,wiki,data/raw/後漢書/卷74下.txt,含侍中,,義以疾退，終表世不仕，操以為侍中。,待审,,,
後漢書,76,wiki,data/raw/後漢書/卷76.txt,含侍中,,董卓入洛陽，岱從侍中出爲兗州刺史。,待审,,,
後漢書,78,wiki,data/raw/後漢書/卷78.txt,含侍中,许,伏聞中常侍曹节、王甫、張让等，及侍中许相，并为列侯。,待审,,,
後漢書,79上,wiki,data/raw/後漢書/卷79上.txt,含侍中,,征拜議郎，稍遷侍中、弘農太守。,待审,,,
後漢書,79上,wiki,data/raw/後漢書/卷79上.txt,含侍中,,永平初，遷侍中祭酒。,待审,,,
後漢書,79上,wiki,data/raw/後漢書/卷79上.txt,含侍中,,帝善之，拜爲侍中，数进見問得失。,待审,,,
後漢書,79上,wiki,data/raw/後漢書/卷79上.txt,含侍中,,帝謂憑曰：“侍中当匡补國政，勿有隐情。,待审,,,
後漢書,79上,wiki,data/raw/後漢書/卷79上.txt,复合官名,,”帝即敕尚書解遵禁锢，拜憑虎贲中郎将，以侍中兼領之。,待审,,,
後漢書,79上,wiki,data/raw/後漢書/卷79上.txt,含侍中,,故京师爲之语曰：“解經不穷戴侍中。,待审,,,
後漢書,79上,wiki,data/raw/後漢書/卷79上.txt,含侍中,,顺帝以登明識禮乐，使持節臨太學，奏定曲律，轉拜侍中。,待审,,,
後漢書,79上,wiki,data/raw/後漢書/卷79上.txt,含侍中,,擢拜侍中，典領秘書近署，甚見纳异。,待审,,,
後漢書,79上,wiki,data/raw/後漢書/卷79上.txt,含侍中,,服阕，征拜侍中。,待审,,,
後漢書,79下,wiki,data/raw/後漢書/卷79下.txt,含侍中,,拜諫議大夫、侍中、右中郎將。,待审,,,
後漢書,79下,wiki,data/raw/後漢書/卷79下.txt,含侍中,,永平初，為博士，再遷侍中。,待审,,,
後漢書,79下,wiki,data/raw/後漢書/卷79下.txt,含侍中,,時會京師諸儒於白虎觀，講論《五經》同異，使應專掌難問，侍中淳于恭奏之，帝親臨稱制，如石渠故事。,待审,,,
後漢書,79下,wiki,data/raw/後漢書/卷79下.txt,含侍中,,太常樓望、侍中承宮、長水校尉樊儵等皆受業於恭。,待审,,,
後漢書,79下,wiki,data/raw/後漢書/卷79下.txt,含侍中,,二十年，拜侍中祭酒、騎都尉，與侍中劉昆俱在光武左右，每事諮訪焉。,待审,,,
後漢書,79下,wiki,data/raw/後漢書/卷79下.txt,含侍中,,十八年，以病乞身，為侍中騎都尉，卒於官。,待审,,,
後漢書,79下,wiki,data/raw/後漢書/卷79下.txt,含侍中,,」十八年，拜侍中騎都尉。,待审,,,
後漢書,79下,wiki,data/raw/後漢書/卷79下.txt,含侍中,,永平初，為侍中、越騎校尉，入講省內。,待审,,,
後漢書,79下,wiki,data/raw/後漢書/卷79下.txt,含侍中,,歲餘复徵，再遷侍中，卒於官。,待审,,,
後漢書,79下,wiki,data/raw/後漢書/卷79下.txt,含侍中,,遷侍中，出為弘農太守，卒官。,待审,,,
後漢書,8,wiki,data/raw/後漢書/卷8.txt,含侍中,劉,九月丁亥，中常侍曹節矯詔誅太傅陳蕃、大將軍竇武及尚書令尹勳、侍中劉瑜、屯騎校尉馮述，皆夷其族。,待审,,,
後漢書,8,wiki,data/raw/後漢書/卷8.txt,含侍中,,侍中寺雌雞化爲雄。,待审,,,
後漢書,8,wiki,data/raw/後漢書/卷8.txt,含侍中,,侍中向栩、張鈞坐言宦者，下獄死。,待审,,,
後漢書,80上,wiki,data/raw/後漢書/卷80上.txt,含侍中,賈,和帝時，侍中賈逵-{薦}-尤有相如、楊雄之風，召詣東觀，受詔作賦，拜蘭-{臺}-令史。,待审,,,
後漢書,80上,wiki,data/raw/後漢書/卷80上.txt,含侍中,,{{YL|永-{寧}-元年}}，太-{後}-又詔珍與騊駼作建武已來名臣傳，遷侍中、越騎校尉。,待审,,,
後漢書,80上,wiki,data/raw/後漢書/卷80上.txt,含侍中,,順帝時，爲侍中。,待审,,,
後漢書,81,wiki,data/raw/後漢書/卷81.txt,含侍中,,后拜侍中，卒官。,待审,,,
後漢書,81,wiki,data/raw/後漢書/卷81.txt,含侍中,,充迁侍中。,待审,,,
後漢書,81,wiki,data/raw/後漢書/卷81.txt,含侍中,,征拜侍中，每朝廷大事，侃然正色，百官惮之。,待审,,,
後漢書,82上,wiki,data/raw/後漢書/卷82上.txt,含侍中,,陳郡郤巡，學傳英業，官至侍中。,待审,,,
後漢書,82下,wiki,data/raw/後漢書/卷82下.txt,含侍中,,舉孝廉，稍遷太史令，侍中。,待审,,,
後漢書,82下,wiki,data/raw/後漢書/卷82下.txt,含侍中,,稍遷侍中。,待审,,,
後漢書,82下,wiki,data/raw/後漢書/卷82下.txt,含侍中,,靈帝時，大將軍何進薦扶，徵拜侍中，甚見器重。,待审,,,
後漢書,9,wiki,data/raw/後漢書/卷9.txt,含侍中,,初令侍中、給事黃門侍郎員各六人。,待审,,,
後漢書,9,wiki,data/raw/後漢書/卷9.txt,含侍中,,（注：《續漢志》曰：「侍中，比二千石，無員。,待审,,,
後漢書,9,wiki,data/raw/後漢書/卷9.txt,含侍中,,」《漢官儀》曰：「侍中，左蟬右貂，本秦丞相史，往來殿內，故謂之侍中。,待审,,,
後漢書,9,wiki,data/raw/後漢書/卷9.txt,含侍中,,武帝時，孔安國爲侍中，以其儒者，特聽掌御唾壺，朝廷榮之。,待审,,,
後漢書,9,wiki,data/raw/後漢書/卷9.txt,含侍中,,獻帝起居注曰：「自誅黃門後，侍中、侍郎出入禁中，機事頗露，由是王允乃奏侍中、黃門不得出入。,待审,,,
後漢書,9,wiki,data/raw/後漢書/卷9.txt,含侍中,劉,帝疑賦卹有虛，乃親於御坐前量試作糜，乃知非實，（注：袁宏《紀》曰：「時勑侍中劉艾取米豆五升於御前作糜，得滿三盂，於是詔《尚書》曰：『米豆五升，得糜三盂，而人委頓，何也？,待审,,,
後漢書,9,wiki,data/raw/後漢書/卷9.txt,含侍中,劉,』」）使侍中劉艾出讓有司。,待审,,,
後漢書,9,wiki,data/raw/後漢書/卷9.txt,含侍中,朱,）步兵校尉魏桀、侍中朱展、射聲校尉沮儁。,待审,,,
後漢書,9,wiki,data/raw/後漢書/卷9.txt,含侍中,曹,曹操殺侍中臺崇、尚書馮碩等。,待审,,,
後漢書,92,wiki,data/raw/後漢書/卷92.txt,含侍中,,太尉愷等上侍中施延等議：「太初過天，日一度，弦望失正，月以晦見西方，食不與天相應；,待审,,,
後漢書,92,wiki,data/raw/後漢書/卷92.txt,含侍中,,以腢臣會司徒府議蔡邕集載：「三月九日，百官會府公殿下，東面，校尉南面，侍中、郎將、大夫、千石、六百石重行北面，議郎、博士西面。,待审,,,
後漢書,92,wiki,data/raw/後漢書/卷92.txt,含侍中,,蔡邕前坐侍中西北，近公卿，與光、晃相難問是非焉。,待审,,,
後漢書,92,wiki,data/raw/後漢書/卷92.txt,含侍中,,」太常就耽上選侍中韓說、博士蔡較、谷城門候劉洪、右郎中陳調於太常府，覆校注記，平議難問。,待审,,,
後漢書,94,wiki,data/raw/後漢書/卷94.txt,含侍中,,」）侍中、尚書、陛者皆神坐後。,待审,,,
後漢書,94,wiki,data/raw/後漢書/卷94.txt,含侍中,,』」獻帝傳曰「興平元年正月甲子，帝加元服，司徒淳於嘉為賓，加賜玄纁駟馬，*[賜]*貴人、*(公主)**[王、公]*、卿、司隸*[校尉]*、城門五校及侍中、尚書、給事黃門侍郎各一人為太子舍人」也。,待审,,,
後漢書,94,wiki,data/raw/後漢書/卷94.txt,含侍中,劉,給事黃門侍郎劉瞻兼侍中，假貂蟬加濟北王，給之。,待审,,,
後漢書,95,wiki,data/raw/後漢書/卷95.txt,含侍中,,二刻，侍中、尚書、御史、謁者皆陛。,待审,,,
後漢書,95,wiki,data/raw/後漢書/卷95.txt,含侍中,,尚書授侍中常侍迎受，報聞。,待审,,,
後漢書,95,wiki,data/raw/後漢書/卷95.txt,含侍中,,夜漏上水，朝臣會，侍中、尚書、御史、謁者、虎賁、羽林郎將執事，皆赤幘陛□。,待审,,,
後漢書,96,wiki,data/raw/後漢書/卷96.txt,含侍中,,司徒跪曰「請進贈」，侍中奉持鴻洞。,待审,,,
後漢紀,002,wiki,data/raw/後漢紀/卷002.txt,含侍中,,將欲言事更始醉不能見請者數來不得巳令侍中¶,待审,,,
後漢紀,002,wiki,data/raw/後漢紀/卷002.txt,含侍中,,謂左右曰無漏泄省中事萌嘗以私事扶侍中下斬¶,待审,,,
後漢紀,002,wiki,data/raw/後漢紀/卷002.txt,含侍中,,之侍中呼曰陛下救我更始言大司馬哀縱之萌曰¶,待审,,,
後漢紀,003,wiki,data/raw/後漢紀/卷003.txt,含侍中,劉,未行其計侍中劉熊卿知其謀告之更始召申屠建¶,待审,,,
後漢紀,003,wiki,data/raw/後漢紀/卷003.txt,含侍中,,以明經數幸言事擢爲侍中從更始入關茂與盆子¶,待审,,,
後漢紀,003,wiki,data/raw/後漢紀/卷003.txt,含侍中,劉,王劉祉尚書任延君侍中劉恭歩將更始至髙陵嚴¶,待审,,,
後漢紀,003,wiki,data/raw/後漢紀/卷003.txt,含侍中,,更始立以茂爲侍中從至長安知更始政亂以老乞¶,待审,,,
後漢紀,005,wiki,data/raw/後漢紀/卷005.txt,含侍中,,侍中甞對諸將曰可以託六尺之孤寄百里之命龐¶,待审,,,
後漢紀,006,wiki,data/raw/後漢紀/卷006.txt,含侍中,,功曹時有稱侍中止傳舍者興欲出謁永以爲非真¶,待审,,,
後漢紀,006,wiki,data/raw/後漢紀/卷006.txt,含侍中,金,上愈親厚之融久不自安數辭讓爵位因侍中金遷¶,待审,,,
後漢紀,007,wiki,data/raw/後漢紀/卷007.txt,含侍中,,父隆爲宣恩侯以兄識爲侍中封元庻侯識弟興爲¶,待审,,,
後漢紀,008,wiki,data/raw/後漢紀/卷008.txt,含侍中,,遊讌得幸而純以學行稱哀平世爲侍中諸曹校尉¶,待审,,,
後漢紀,009,wiki,data/raw/後漢紀/卷009.txt,含侍中,,侍中上以郁先師子有禮讓甚親厚焉常居中論經¶,待审,,,
後漢紀,009,wiki,data/raw/後漢紀/卷009.txt,含侍中,,平徵爲議郞上數引見遷侍中宗正平薦舉承宮郇¶,待审,,,
後漢紀,010,wiki,data/raw/後漢紀/卷010.txt,含侍中,,侍中丁鴻仁而有讓逹於從政謁者費惲資性敦篤¶,待审,,,
後漢紀,011,wiki,data/raw/後漢紀/卷011.txt,含侍中,馬,師貴戚衞尉馬廖侍中竇憲等慕其行各奉書致禮¶,待审,,,
後漢紀,011,wiki,data/raw/後漢紀/卷011.txt,含侍中,,之久身所安也徴拜侍中苞性恬虗以死自乞有詔¶,待审,,,
後漢紀,011,wiki,data/raw/後漢紀/卷011.txt,含侍中,,唯憲至侍中虎賁郞將焉景瓌皆黃門郞秋八月辛¶,待审,,,
後漢紀,011,wiki,data/raw/後漢紀/卷011.txt,含侍中,,侍中貴幸憲薦眞定張林爲尚書上以問寵對曰林¶,待审,,,
後漢紀,012,wiki,data/raw/後漢紀/卷012.txt,含侍中,竇,小單于不當怨乎上以弘議問侍中竇憲對曰曰禮¶,待审,,,
後漢紀,012,wiki,data/raw/後漢紀/卷012.txt,含侍中,於,侯録尚書事百官揔已以聽於是侍中竇憲管掌機¶,待审,,,
後漢紀,012,wiki,data/raw/後漢紀/卷012.txt,含侍中,竇,贖死夏五月京都旱冬十月侍中竇憲爲車騎將軍¶,待审,,,
後漢紀,013,wiki,data/raw/後漢紀/卷013.txt,含侍中,,識曾孫也祖父永明帝時爲侍中親幸左右異寵后¶,待审,,,
後漢紀,014,wiki,data/raw/後漢紀/卷014.txt,含侍中,,公卿舉賢者同上即位徴爲博士侍中車馬毎岀郊¶,待审,,,
後漢紀,015,wiki,data/raw/後漢紀/卷015.txt,含侍中,,侍中軍騎將軍鄧隲屈巳禮之甞設酒饌請充及朝¶,待审,,,
後漢紀,015,wiki,data/raw/後漢紀/卷015.txt,含侍中,張,樂甘於啖䏑遂拂衣而出侍中張孟諫曰聞足下面¶,待审,,,
後漢紀,016,wiki,data/raw/後漢紀/卷016.txt,含侍中,,兩子爲郞弟丕字叔陵以篤學質直稱仕至侍中三¶,待审,,,
後漢紀,016,wiki,data/raw/後漢紀/卷016.txt,含侍中,,陽侯隲子鳳爲侍中初都護任尚致鳳馬及尚坐事¶,待审,,,
後漢紀,017,wiki,data/raw/後漢紀/卷017.txt,含侍中,,侍中一時之間超至封侯稽之舊制不合經義行人¶,待审,,,
後漢紀,018,wiki,data/raw/後漢紀/卷018.txt,含侍中,,臣未甞見之於是以爲貴人拜商侍中屯騎校尉貴¶,待审,,,
後漢紀,019,wiki,data/raw/後漢紀/卷019.txt,含侍中,,世故敢布腹心觸罪歸誠上許之以不疑爲侍中奉¶,待审,,,
後漢紀,019,wiki,data/raw/後漢紀/卷019.txt,含侍中,張,餘級叛者乞降是時朝政多僻競崇侈靡侍中張衡¶,待审,,,
後漢紀,019,wiki,data/raw/後漢紀/卷019.txt,含侍中,張,遣八使秋八月遣光禄大夫張綱侍中杜喬等八人¶,待审,,,
後漢紀,019,wiki,data/raw/後漢紀/卷019.txt,含侍中,,盈朝上雖信綱言然卒不罪兾侍中杜喬奏免陳留¶,待审,,,
後漢紀,019,wiki,data/raw/後漢紀/卷019.txt,含侍中,周,而棄之於末也光禄大夫周舉侍中杜喬深沉正直¶,待审,,,
後漢紀,020,wiki,data/raw/後漢紀/卷020.txt,含侍中,,謙讓唯孫氏宗親相冐名爲侍中中郞校尉守長吏¶,待审,,,
後漢紀,021,wiki,data/raw/後漢紀/卷021.txt,含侍中,,赦天下丙戌初置博陵郡詠侍中冦榮榮恂之曾孫¶,待审,,,
後漢紀,023,wiki,data/raw/後漢紀/卷023.txt,含侍中,劉,㣲侍中劉瑜素善天文與蕃書曰星辰錯亂不利大¶,待审,,,
後漢紀,023,wiki,data/raw/後漢紀/卷023.txt,含侍中,劉,長樂食監王甫等使侍中劉瑜内其奏謀頗泄漏節¶,待审,,,
後漢紀,023,wiki,data/raw/後漢紀/卷023.txt,含侍中,劉,僕杜密尚書荀緄朱㝢魏朗侍中劉淑劉瑜左中郎¶,待审,,,
後漢紀,024,wiki,data/raw/後漢紀/卷024.txt,含侍中,,侍中封賜侯爵三月癸丑光禄勲袁滂爲司徒辛未¶,待审,,,
後漢紀,024,wiki,data/raw/後漢紀/卷024.txt,含侍中,,大赦夏四月丙辰京師地震侍中寺雌鷄一身皆成¶,待审,,,
後漢紀,024,wiki,data/raw/後漢紀/卷024.txt,含侍中,,天下害而久今在左右賢兄侍中常爲節所害可表¶,待审,,,
後漢紀,024,wiki,data/raw/後漢紀/卷024.txt,含侍中,,止侍中任芝樂松等曰昔宣王囿五十里民以爲大¶,待审,,,
後漢紀,024,wiki,data/raw/後漢紀/卷024.txt,含侍中,,侍中以數直諫爲權臣所惡徙爲京兆尹上素重陶¶,待审,,,
後漢紀,025,wiki,data/raw/後漢紀/卷025.txt,含侍中,周,侍中周毖城門校尉伍瓊沙汰穢惡顯拔幽滯於是¶,待审,,,
後漢紀,025,wiki,data/raw/後漢紀/卷025.txt,含侍中,劉,以尚書韓馥爲兾州侍中劉岱爲兖州陳留孔胄爲¶,待审,,,
後漢紀,026,wiki,data/raw/後漢紀/卷026.txt,含侍中,周,初平元年春正月辛亥大赦天下侍中周毖城門校¶,待审,,,
後漢紀,027,wiki,data/raw/後漢紀/卷027.txt,含侍中,劉,歸使侍中劉和出關詣其父太傅劉虞令將兵來迎¶,待审,,,
後漢紀,027,wiki,data/raw/後漢紀/卷027.txt,含侍中,,初黃門郎荀攸與議郎鄭㤗何顒侍中种輯謀曰董¶,待审,,,
後漢紀,027,wiki,data/raw/後漢紀/卷027.txt,复合官名,,亂之才由是徴拜議郎權爲青州刺史遷侍中尚書¶,待审,,,
後漢紀,027,wiki,data/raw/後漢紀/卷027.txt,含侍中,李,爲弘農王妃李㴶舉博士李儒爲侍中詔曰儒前爲¶,待审,,,
後漢紀,027,wiki,data/raw/後漢紀/卷027.txt,含侍中,劉,小各有差餓死者甚衆帝疑廪賦不實勑侍中劉艾¶,待审,,,
後漢紀,028,wiki,data/raw/後漢紀/卷028.txt,复合官名,,於是遂相疑治兵相攻矣上使侍中尚書和傕汜不¶,待审,,,
後漢紀,028,wiki,data/raw/後漢紀/卷028.txt,含侍中,,完深沉有大度舉孝廉稍遷五官中郎將侍中以選¶,待审,,,
後漢紀,028,wiki,data/raw/後漢紀/卷028.txt,含侍中,楊,臭不可食帝大怒欲責之詰侍中楊琦上封事曰傕¶,待审,,,
後漢紀,028,wiki,data/raw/後漢紀/卷028.txt,含侍中,,温與傕書問侍中當洽曰傕不知臧否温言大切可¶,待审,,,
後漢紀,028,wiki,data/raw/後漢紀/卷028.txt,含侍中,,入見傕帶三刀執一刀侍中見傕亦帶刀入侍值傕¶,待审,,,
後漢紀,028,wiki,data/raw/後漢紀/卷028.txt,含侍中,,中皆持刀欲圖我乎侍中曰軍中自爾國家之故事¶,待审,,,
後漢紀,028,wiki,data/raw/後漢紀/卷028.txt,含侍中,,也傕不從呵遣麗麗曰傕不從詔亂語不順侍中胡¶,待审,,,
後漢紀,028,wiki,data/raw/後漢紀/卷028.txt,含侍中,楊,兗州六月侍中楊琦黄門侍郎丁沖鍾繇尚書左丞¶,待审,,,
後漢紀,028,wiki,data/raw/後漢紀/卷028.txt,含侍中,劉,非也左右皆將㦸欲交侍中劉文前曰是天子也使¶,待审,,,
後漢紀,028,wiki,data/raw/後漢紀/卷028.txt,含侍中,楊,免冠徒跣謝後將軍楊定請侍中尹忠爲長史詔曰¶,待审,,,
後漢紀,028,wiki,data/raw/後漢紀/卷028.txt,含侍中,,侍中近侍就非其宜必爲關東所笑前在長安李傕¶,待审,,,
後漢紀,028,wiki,data/raw/後漢紀/卷028.txt,含侍中,劉,爲亂脅乘輿西行侍中劉艾見火起不止曰可出幸¶,待审,,,
後漢紀,028,wiki,data/raw/後漢紀/卷028.txt,含侍中,馬,不敢下馬侍中种輯素與定親乃言叚煨欲反上曰¶,待审,,,
後漢紀,028,wiki,data/raw/後漢紀/卷028.txt,含侍中,趙,也必有異心於是太尉楊彪司徒趙温侍中劉艾尚¶,待审,,,
後漢紀,028,wiki,data/raw/後漢紀/卷028.txt,复合官名,,爲巳副欲殺之帝知其謀不聽詔使侍中尚書吿喻¶,待审,,,
後漢紀,028,wiki,data/raw/後漢紀/卷028.txt,复合官名,,千級詔使侍中史恃太㒒韓融告張濟曰朕惟宗廟¶,待审,,,
後漢紀,028,wiki,data/raw/後漢紀/卷028.txt,含侍中,,吾伏完侍中种輯羅邵尚書文楨郭浦中丞楊衆侍¶,待审,,,
後漢紀,029,wiki,data/raw/後漢紀/卷029.txt,含侍中,馮,之功一切勿罪於是誅羽林郞侯折尚書馮碩侍中¶,待审,,,
後漢紀,029,wiki,data/raw/後漢紀/卷029.txt,含侍中,,臺崇討有罪也封衛將軍董承輔國將軍伏完侍中¶,待审,,,
後漢紀,029,wiki,data/raw/後漢紀/卷029.txt,含侍中,,將兵於河上八月辛卯侍中郗慮尚書令荀彧司隷¶,待审,,,
後漢紀,029,wiki,data/raw/後漢紀/卷029.txt,含侍中,,封操萬三千戶平幽兾之功也八月侍中荀悅撰政¶,待审,,,
後漢紀,030,wiki,data/raw/後漢紀/卷030.txt,复合官名,,侍中尚書令荀彧勞軍於譙初董紹等謂曹操宜進¶,待审,,,
後漢紀,030,wiki,data/raw/後漢紀/卷030.txt,含侍中,,彧勞軍因畱彧以侍中光禄大夫持節丞相軍事次¶,待审,,,
東觀漢記,000,wiki,data/raw/東觀漢記/卷000.txt,含侍中,,珍等卒復命侍中伏無忌與諫議大夫黄景¶,待审,,,
東觀漢記,001,wiki,data/raw/東觀漢記/卷001.txt,含侍中,,興為侍中興受詔雲臺廣室甘露降四十五日(案日太/平御覽)¶,待审,,,
東觀漢記,002,wiki,data/raw/東觀漢記/卷002.txt,含侍中,賈,十一年帝召諸儒魯丕與侍中賈逵尚書令黄香等相¶,待审,,,
東觀漢記,004,wiki,data/raw/東觀漢記/卷004.txt,含侍中,,(次亦/如之)侍中中常侍光禄大夫秩皆二千石(案司馬彪百/官志侍中光)¶,待审,,,
東觀漢記,008,wiki,data/raw/東觀漢記/卷008.txt,含侍中,,三人中二千石十四人州牧郡守四十八人其餘侍中¶,待审,,,
東觀漢記,013,wiki,data/raw/東觀漢記/卷013.txt,含侍中,,魴父子兄弟並帯青紫三代侍中¶,待审,,,
東觀漢記,013,wiki,data/raw/東觀漢記/卷013.txt,含侍中,,馮石(案石魴子/柱次子)襲母公主封獲嘉侯亦為侍中稍遷衛¶,待审,,,
東觀漢記,014,wiki,data/raw/東觀漢記/卷014.txt,含侍中,,母前叱狗而永即去之為郡功曹時有稱侍中止傳舍¶,待审,,,
東觀漢記,015,wiki,data/raw/東觀漢記/卷015.txt,复合官名,,涕歎息乃還就國兼射聲校尉(案范書本傳明帝永平/十三年鴻以侍中兼此)¶,待审,,,
東觀漢記,015,wiki,data/raw/東觀漢記/卷015.txt,含侍中,,魏應主承制問難侍中淳于恭奏上上親稱制臨決上¶,待审,,,
東觀漢記,016,wiki,data/raw/東觀漢記/卷016.txt,含侍中,,禮讓甚見親厚郁以永平十四年為議郎遷侍中上自¶,待审,,,
東觀漢記,016,wiki,data/raw/東觀漢記/卷016.txt,含侍中,,戴憑字次仲(案范書本傳憑/汝南平輿人)為侍中數進見問得失上¶,待审,,,
東觀漢記,016,wiki,data/raw/東觀漢記/卷016.txt,含侍中,,謂憑曰侍中當匡輔國政勿有隠情憑對曰陛下嚴曰¶,待审,,,
東觀漢記,016,wiki,data/raw/東觀漢記/卷016.txt,复合官名,,侍中兼領之正旦朝賀百僚畢㑹上令羣臣能說經者¶,待审,,,
東觀漢記,016,wiki,data/raw/東觀漢記/卷016.txt,含侍中,,十餘席故京師為之語曰解經不窮戴侍中¶,待审,,,
東觀漢記,017,wiki,data/raw/東觀漢記/卷017.txt,含侍中,賈,特優嘉之愷猶不出有司復奏之侍中賈逵上書曰孔¶,待审,,,
東觀漢記,017,wiki,data/raw/東觀漢記/卷017.txt,含侍中,,憲嗣爵乃徵愷拜為郎稍遷侍中愷之入朝在位者莫¶,待审,,,
東觀漢記,018,wiki,data/raw/東觀漢記/卷018.txt,复合官名,,嘉之賜布五百匹衣一襲拜侍中領騎都尉内備帷幄¶,待审,,,
東觀漢記,018,wiki,data/raw/東觀漢記/卷018.txt,含侍中,竇,廖侍中竇憲慕其行各奉書致禮遺革終不發書無所¶,待审,,,
東觀漢記,018,wiki,data/raw/東觀漢記/卷018.txt,含侍中,,李育字元春(案范書本傳/育扶風漆人)為侍中時章帝西謁園陵育¶,待审,,,
東觀漢記,023,wiki,data/raw/東觀漢記/卷023.txt,含侍中,,令侍中坐帷内與語諸將識非更始聲出皆怨之更始¶,待审,,,
東觀漢記,023,wiki,data/raw/東觀漢記/卷023.txt,含侍中,,郡不知所從趙萌以私事責侍中侍中曰陛下救我更¶,待审,,,
漢書,006,wiki,data/raw/漢書/卷006.txt,复合官名,,侍中僕射莽何羅與弟重合侯通謀反，侍中駙馬都尉金日磾、奉車都尉霍光、騎都尉上官桀討之。,待审,,,
漢書,007,wiki,data/raw/漢書/卷007.txt,含侍中,,以侍中奉車都尉霍光為大司馬大將軍，受遺詔輔少主。,待审,,,
漢書,008,wiki,data/raw/漢書/卷008.txt,复合官名,,侍中尚書功勞當遷及有異善，厚加賞賜，至于子孫，終不改易。,待审,,,
漢書,008,wiki,data/raw/漢書/卷008.txt,含侍中,,又曰：「朕微眇時，御史大夫丙吉、中郎將史曾、史玄、長樂衛尉許舜、侍中光祿大夫許延壽皆與朕有舊恩。,待审,,,
漢書,008,wiki,data/raw/漢書/卷008.txt,含侍中,,』封賀所子弟子侍中中郎將彭祖為陽都侯，追賜賀諡曰陽都哀侯。,待审,,,
漢書,009,wiki,data/raw/漢書/卷009.txt,含侍中,,三月，封皇太后兄侍中中郎將王舜為安平侯。,待审,,,
漢書,009,wiki,data/raw/漢書/卷009.txt,含侍中,,贊曰：臣外祖兄弟為元帝侍中，語臣曰元帝多材藝，善史書。,待审,,,
漢書,010,wiki,data/raw/漢書/卷010.txt,复合官名,,賴侍中史丹護太子家，輔助有力，上亦以先帝尤愛太子，故得無廢。,待审,,,
漢書,010,wiki,data/raw/漢書/卷010.txt,含侍中,,以元舅侍中衞尉陽平侯王鳳爲大司馬大將軍，領尚書事。,待审,,,
漢書,010,wiki,data/raw/漢書/卷010.txt,含侍中,,五月，封舅曼子侍中騎都尉光祿大夫王莽爲新都侯。,待审,,,
漢書,010,wiki,data/raw/漢書/卷010.txt,含侍中,,侍中衞尉長數白宜早止，徙家反故處。,待审,,,
漢書,010,wiki,data/raw/漢書/卷010.txt,含侍中,,二月，封侍中衞尉淳于長爲定陵侯。,待审,,,
漢書,011,wiki,data/raw/漢書/卷011.txt,含侍中,,追諡滿父忠為平周懷侯，皇后父晏為孔鄉侯，皇太后弟侍中光祿大夫趙欽為新成侯。,待审,,,
漢書,011,wiki,data/raw/漢書/卷011.txt,含侍中,,侍中騎都尉新成侯趙欽、成陽侯趙訢皆有罪，免為庶人，徙遼西。,待审,,,
漢書,011,wiki,data/raw/漢書/卷011.txt,含侍中,傅,二月，封帝太太后從弟侍中傅商為汝昌侯，太后同母弟子侍中鄭業為陽信侯。,待审,,,
漢書,011,wiki,data/raw/漢書/卷011.txt,含侍中,,三月，侍中駙馬都尉董賢、光祿大夫息夫躬、南陽太守孫寵皆以告東平王封列侯。,待审,,,
漢書,017,wiki,data/raw/漢書/卷017.txt,含侍中,,| 秺敬侯金日磾 || 以駙馬都尉發覺侍中莽何羅反侯，二千二百一十八戶。,待审,,,
漢書,017,wiki,data/raw/漢書/卷017.txt,含侍中,金,| 平通侯楊惲 || 以左曹中郎受董忠等言霍禹等謀，以告侍中金安上，侯，二千五百戶。,待审,,,
漢書,017,wiki,data/raw/漢書/卷017.txt,含侍中,,| 都成敬侯金安上 || 以侍中中郎將受楊惲言霍禹等反謀，傳言止內霍氏禁闥，侯，千七百七十一戶。,待审,,,
漢書,018,wiki,data/raw/漢書/卷018.txt,含侍中,,| 樂陵安侯史髙 || 以悼皇考舅子侍中關内侯與-{發}-霍氏-{姦}-，侯，二千三百戸。,待审,,,
漢書,018,wiki,data/raw/漢書/卷018.txt,含侍中,,| 　 || 　 || 安平夷侯舜 || 【初元元年】癸卯以皇太-{后}-兄侍中中郎將封，千四百戸，十三年薨。,待审,,,
漢書,018,wiki,data/raw/漢書/卷018.txt,含侍中,,| 將陵哀侯史曾 || 以悼皇考舅子侍中中郎將關内侯有舊恩侯，二千二百戸。,待审,,,
漢書,018,wiki,data/raw/漢書/卷018.txt,含侍中,,| 平-{臺}-康侯史玄 || 以悼皇考舅子侍中中郎將關内侯有舊恩侯，千九百戸。,待审,,,
漢書,018,wiki,data/raw/漢書/卷018.txt,含侍中,,| 樂成敬侯許延壽 || 以皇太子外祖父同産弟侍中關内侯有舊恩侯，千五百戸。,待审,,,
漢書,018,wiki,data/raw/漢書/卷018.txt,含侍中,,| 定陵侯淳-{于}-長 || 以侍中衞尉言昌陵不可成侯，千戸。,待审,,,
漢書,018,wiki,data/raw/漢書/卷018.txt,含侍中,,| 髙安侯董賢 || 以侍中駙馬都尉告東平王-{雲}-祝詛反逆侯，千戸，-{後}-益封，二千戸。,待审,,,
漢書,018,wiki,data/raw/漢書/卷018.txt,含侍中,,」） || 以侍中奉車都尉定策安宗廟功侯，二千四百戸。,待审,,,
漢書,018,wiki,data/raw/漢書/卷018.txt,含侍中,,| 紅休侯劉歆 || 以侍中犧和與平晏同功侯。,待审,,,
漢書,018,wiki,data/raw/漢書/卷018.txt,含侍中,,| -{寧}-鄕侯孔永 || 以侍中五官中郎將與平晏同功侯。,待审,,,
漢書,019,wiki,data/raw/漢書/卷019.txt,含侍中,,僕射，秦官，自侍中、尚書、博士、郎皆有。,待审,,,
漢書,019,wiki,data/raw/漢書/卷019.txt,含侍中,,侍中、左右曹、諸吏、散騎、中常侍，皆加官，（注：應劭曰：「入侍天子，故曰侍中。,待审,,,
漢書,019,wiki,data/raw/漢書/卷019.txt,含侍中,,侍中、中常侍得入禁中，諸曹受尚書事，諸吏得舉法，散騎騎並乘輿車。,待审,,,
漢書,019,wiki,data/raw/漢書/卷019.txt,含侍中,,」）給事中亦加官，（注：師古曰：「《漢官解詁》云掌侍從左右，無員，常侍中。,待审,,,
漢書,019,wiki,data/raw/漢書/卷019.txt,含侍中,,|侍中公孫敬聲為太僕，十二年下獄死。,待审,,,
漢書,019,wiki,data/raw/漢書/卷019.txt,含侍中,,|二月丁卯，侍中奉車都尉霍光為大司馬大將軍。,待审,,,
漢書,019,wiki,data/raw/漢書/卷019.txt,含侍中,,|侍中駙馬都尉金日磾為車騎將軍，一年薨。,待审,,,
漢書,019,wiki,data/raw/漢書/卷019.txt,含侍中,,|鉅鹿太守淮陽朱壽少樂為廷尉，坐侍中加元下獄風吏殺元棄市。,待审,,,
漢書,019,wiki,data/raw/漢書/卷019.txt,含侍中,,|侍中中郎將霍禹為右將軍，一年遷。,待审,,,
漢書,019,wiki,data/raw/漢書/卷019.txt,含侍中,金,|秺侯金賞為侍中太僕，七年遷。,待审,,,
漢書,019,wiki,data/raw/漢書/卷019.txt,含侍中,,|十二月癸酉，侍中樂陵侯史高為大司馬車騎將軍。,待审,,,
漢書,019,wiki,data/raw/漢書/卷019.txt,含侍中,,侍中衞尉許嘉為右將軍，五年遷。,待审,,,
漢書,019,wiki,data/raw/漢書/卷019.txt,含侍中,,九月戊子，侍中衞尉王接為大司馬車騎將軍。,待审,,,
漢書,019,wiki,data/raw/漢書/卷019.txt,含侍中,,|侍中中大夫歐陽餘為少府，五年卒。,待审,,,
漢書,019,wiki,data/raw/漢書/卷019.txt,含侍中,,侍中中郎將王商為右將軍，十一年遷。,待审,,,
漢書,019,wiki,data/raw/漢書/卷019.txt,含侍中,王,|陽平侯王鳳為侍中衞尉，三年遷。,待审,,,
漢書,019,wiki,data/raw/漢書/卷019.txt,含侍中,,|六月己未，侍中衞尉王鳳為大司馬大將軍。,待审,,,
漢書,019,wiki,data/raw/漢書/卷019.txt,含侍中,,|侍中中郎將王音為太僕，三年遷。,待审,,,
漢書,019,wiki,data/raw/漢書/卷019.txt,含侍中,,|侍中奉車都尉金敞為水衡都尉，一年遷。,待审,,,
漢書,019,wiki,data/raw/漢書/卷019.txt,含侍中,,|侍中水衡都尉金敞為衞尉，四年卒。,待审,,,
漢書,019,wiki,data/raw/漢書/卷019.txt,含侍中,,|四月癸卯，侍中太僕王音為御史大夫，一年遷。,待审,,,
漢書,019,wiki,data/raw/漢書/卷019.txt,含侍中,,|少府師丹為光祿勳，二年遷侍中光祿大夫。,待审,,,
漢書,019,wiki,data/raw/漢書/卷019.txt,含侍中,,詹事許商為少府，二年為侍中光祿大夫。,待审,,,
漢書,019,wiki,data/raw/漢書/卷019.txt,含侍中,,|侍中水衡都尉淳于長為衞尉，三年免。,待审,,,
漢書,019,wiki,data/raw/漢書/卷019.txt,含侍中,,|侍中光祿大夫趙彪大伯為侍中水衡都尉，三年卒。,待审,,,
漢書,019,wiki,data/raw/漢書/卷019.txt,含侍中,,十一月丙寅，侍中騎都尉光祿大夫王莽為大司馬。,待审,,,
漢書,019,wiki,data/raw/漢書/卷019.txt,含侍中,,|侍中光祿大夫師丹為諸吏散騎光祿勳，十一月為太子太傅。,待审,,,
漢書,019,wiki,data/raw/漢書/卷019.txt,含侍中,,侍中光祿大夫司農趙玄為衞尉，一月為中少府。,待审,,,
漢書,019,wiki,data/raw/漢書/卷019.txt,含侍中,,|侍中光祿大夫許商為大司農，數月遷。,待审,,,
漢書,019,wiki,data/raw/漢書/卷019.txt,含侍中,王,衞尉王能為侍中光祿勳，二年貶為弘農，坐呂寬自殺。,待审,,,
漢書,019,wiki,data/raw/漢書/卷019.txt,含侍中,,侍中光祿大夫王龔子即為衞尉，二月遷。,待审,,,
漢書,019,wiki,data/raw/漢書/卷019.txt,含侍中,,|四月丁酉，侍中光祿大夫傅喜為大司馬。,待审,,,
漢書,019,wiki,data/raw/漢書/卷019.txt,含侍中,,|侍中水衡都尉讓。,待审,,,
漢書,019,wiki,data/raw/漢書/卷019.txt,含侍中,,十二月庚子，侍中駙馬都尉董賢為大司馬衞將軍。,待审,,,
漢書,019,wiki,data/raw/漢書/卷019.txt,含侍中,,|侍中奉車都尉甄邯子心為光祿勳，三年遷。,待审,,,
漢書,019,wiki,data/raw/漢書/卷019.txt,含侍中,,|大司徒司直金欽為京兆尹，一月為侍中。,待审,,,
漢書,024,wiki,data/raw/漢書/卷024.txt,含侍中,,弘羊，洛陽賈人之子，以心計，年十三侍中。,待审,,,
漢書,025,wiki,data/raw/漢書/卷025.txt,含侍中,,至乙卯，令侍中儒者皮弁縉紳，射牛行事。,待审,,,
漢書,025,wiki,data/raw/漢書/卷025.txt,含侍中,,禮畢，天子獨與侍中奉車子侯上泰山，亦有封。,待审,,,
漢書,026,wiki,data/raw/漢書/卷026.txt,含侍中,,四年，故大將軍霍光夫人顯、將軍霍禹、范明友、奉車霍山及諸昆弟賓婚為侍中、諸曹、九卿、郡守皆謀反，咸伏其辜。,待审,,,
漢書,027,wiki,data/raw/漢書/卷027.txt,含侍中,,永光二年，陽平頃侯禁薨，子鳳嗣侯，為侍中衛尉。,待审,,,
漢書,027,wiki,data/raw/漢書/卷027.txt,含侍中,董,後侍中董賢年二十二為大司馬，居上公之位，天下不宗。,待审,,,
漢書,027下,wiki,data/raw/漢書/卷027下之上.txt,含侍中,董,後侍中董賢年二十二為大司馬，居上公之位，天下不宗。,待审,,,
漢書,030,wiki,data/raw/漢書/卷030.txt,含侍中,,會向卒，哀帝復使向子侍中奉車都尉歆卒父業。,待审,,,
漢書,030,wiki,data/raw/漢書/卷030.txt,含侍中,,孫卿賦十篇，秦時雜賦九篇，李思孝景皇帝頌十五篇，廣川惠王越賦五篇，長沙王群臣賦三篇，魏內史賦二篇，東暆令延年賦七篇，衛士令李忠賦二篇，張偃賦二篇，賈充賦四篇，張仁賦六篇，秦充賦二篇，李步昌賦二篇，侍郎謝多賦十篇，平陽公主舍人周長孺賦二篇，雒陽錡華賦九篇，眭弘賦一篇，別栩陽賦五篇，臣昌市賦六篇，臣義賦二篇，黃門書者假史王商賦十三篇，侍中徐博賦四篇，黃門書者王廣呂嘉賦五篇，漢中都尉丞華龍賦二篇，左馮翊史路恭賦八篇。,待审,,,
漢書,033,wiki,data/raw/漢書/卷033.txt,复合官名,曹,增少為郎，諸曹侍中光祿大夫，昭帝時至前將軍，與大將軍霍光定策立宣帝，益封千戶。,待审,,,
漢書,036,wiki,data/raw/漢書/卷036.txt,含侍中,金,更生年少於望之、堪，然二人重之，薦更生宗室忠直，明經有行，擢為散騎宗正給事中，與侍中金敞拾遺於左右。,待审,,,
漢書,036,wiki,data/raw/漢書/卷036.txt,含侍中,,時恭、顯、許、史子弟侍中諸曹，皆側目於望之等，更生懼焉，乃使其外親上變事，言：,待审,,,
漢書,036,wiki,data/raw/漢書/卷036.txt,含侍中,,劾更生前為九卿，坐與望之、堪謀排車騎將軍高、許、史氏侍中者，毀離親戚，欲退去之，而獨專權。,待审,,,
漢書,036,wiki,data/raw/漢書/卷036.txt,含侍中,,哀帝初即位，大司馬王莽舉歆宗室有材行，為侍中太中大夫，遷騎都尉、奉車光祿大夫，貴幸。,待审,,,
漢書,045,wiki,data/raw/漢書/卷045.txt,含侍中,,充即移書光祿勳中黃門，逮名近臣侍中諸當詣北軍者，移劾門衛，禁止無令得出入宮殿。,待审,,,
漢書,045,wiki,data/raw/漢書/卷045.txt,含侍中,董,是時侍中董賢愛幸，上欲侯之，遂下詔云：「躬、寵因賢以聞，封賢為高安侯，寵為方陽侯，躬為宜陵侯，食邑各千戶。,待审,,,
漢書,047,wiki,data/raw/漢書/卷047.txt,含侍中,梁,梁之侍中、郎、謁者著引籍出入天子殿門，與漢宦官亡異。,待审,,,
漢書,050,wiki,data/raw/漢書/卷050.txt,含侍中,,大將軍青侍中，上踞廁視之。,待审,,,
漢書,052,wiki,data/raw/漢書/卷052.txt,含侍中,,夫家居，卿相侍中賓客益衰。,待审,,,
漢書,054,wiki,data/raw/漢書/卷054.txt,含侍中,,嘗與侍中貴人飲，侵陵之，莫敢應。,待审,,,
漢書,054,wiki,data/raw/漢書/卷054.txt,含侍中,,陵字少卿，少爲侍中建章監。,待审,,,
漢書,054,wiki,data/raw/漢書/卷054.txt,含侍中,,初，武與李陵俱爲侍中，武使匈奴明年，陵降，不敢求武。,待审,,,
漢書,055,wiki,data/raw/漢書/卷055.txt,含侍中,,上聞，乃召青為建章監，侍中。,待审,,,
漢書,055,wiki,data/raw/漢書/卷055.txt,含侍中,,去病以皇后姊子，年十八為侍中。,待审,,,
漢書,055,wiki,data/raw/漢書/卷055.txt,含侍中,,然少而侍中，貴不省士。,待审,,,
漢書,055,wiki,data/raw/漢書/卷055.txt,含侍中,,荀彘，太原廣武人，以御見，侍中，用校尉數從大將軍。,待审,,,
漢書,059,wiki,data/raw/漢書/卷059.txt,含侍中,,」安世子千秋、延壽、彭祖，皆中郎將侍中。,待审,,,
漢書,059,wiki,data/raw/漢書/卷059.txt,含侍中,,』其封賀弟子侍中關內侯彭祖為陽都侯，賜賀謚曰陽都哀侯。,待审,,,
漢書,059,wiki,data/raw/漢書/卷059.txt,含侍中,,放為侍中、中郎將，監平樂屯兵，置莫府，儀比將軍。,待审,,,
漢書,059,wiki,data/raw/漢書/卷059.txt,含侍中,,數月，復徵入侍中。,待审,,,
漢書,059,wiki,data/raw/漢書/卷059.txt,含侍中,,後復徵放為侍中光祿大夫，秩中二千石。,待审,,,
漢書,059,wiki,data/raw/漢書/卷059.txt,含侍中,,」及禹誅滅，而安世子孫相繼，自宣、元以來為侍中、中常侍、諸曹散騎、列校尉者凡十餘人。,待审,,,
漢書,063,wiki,data/raw/漢書/卷063.txt,含侍中,,旦遂招來郡國奸人，賦斂銅鐵作甲兵，數閱其車騎材官卒，建旌旗鼓車，旄頭先驅，郎中侍從者著貂羽，黃金附蟬，皆號侍中。,待审,,,
漢書,063,wiki,data/raw/漢書/卷063.txt,含侍中,,」侍中衛尉金安上上書言：「賀，天之所棄，陛下至仁，復封為列侯。,待审,,,
漢書,064上,wiki,data/raw/漢書/卷064上.txt,含侍中,,」）詔許，因留侍中。,待审,,,
漢書,064上,wiki,data/raw/漢書/卷064上.txt,含侍中,,」）拜買臣爲中大夫，與嚴助俱侍中。,待审,,,
漢書,064上,wiki,data/raw/漢書/卷064上.txt,含侍中,,始買臣與嚴助俱侍中，貴用事，湯尚爲小吏，趨走買臣等前。,待审,,,
漢書,064上,wiki,data/raw/漢書/卷064上.txt,含侍中,,遷侍中中郎，坐法免。,待审,,,
漢書,064上,wiki,data/raw/漢書/卷064上.txt,含侍中,,復徵入爲光祿大夫侍中。,待审,,,
漢書,064下,wiki,data/raw/漢書/卷064下.txt,含侍中,,上使侍中駙馬都尉樂昌侯王商詰問捐之曰：「珠崖內屬為郡久矣，今背畔逆節，而云不當擊，長蠻夷之亂，虧先帝功德，經義何以處之？,待审,,,
漢書,065,wiki,data/raw/漢書/卷065.txt,含侍中,,八九月中，與侍中常侍武騎及待詔隴西北地良家子能騎射者期諸殿門，故有「期門」之號自此始。,待审,,,
漢書,066,wiki,data/raw/漢書/卷066.txt,含侍中,金,霍氏謀反，惲先聞知，因侍中金安上以聞，召見言狀。,待审,,,
漢書,066,wiki,data/raw/漢書/卷066.txt,含侍中,,光聞之，謂侍中左右及官屬曰：「以爲人主師當爲宰相，何謂云云？,待审,,,
漢書,068,wiki,data/raw/漢書/卷068.txt,复合官名,曹,還，復過焉，迺將光西至長安，時年十餘歲，任光爲郎，稍遷諸曹侍中。,待审,,,
漢書,068,wiki,data/raw/漢書/卷068.txt,复合官名,,先是，，侍中僕射莽何羅與弟重合侯通謀爲逆，（注：師古曰：「莽音莫戶反。,待审,,,
漢書,068,wiki,data/raw/漢書/卷068.txt,含侍中,,時衞尉王莽子男忽侍中，（注：師古曰：「即右將軍王莽也。,待审,,,
漢書,068,wiki,data/raw/漢書/卷068.txt,复合官名,,令故昭帝侍中中臣侍守王。,待审,,,
漢書,068,wiki,data/raw/漢書/卷068.txt,含侍中,,自昭帝時，光子禹及兄孫雲皆中郎將，雲弟山奉車都尉侍中，領胡越兵。,待审,,,
漢書,068,wiki,data/raw/漢書/卷068.txt,含侍中,金,平恩侯與侍中金安上等徑出入省中。,待审,,,
漢書,068,wiki,data/raw/漢書/卷068.txt,含侍中,,上竒焉，即日賜湯沐衣冠，拜爲馬監，遷侍中駙馬都尉光祿大夫。,待审,,,
漢書,068,wiki,data/raw/漢書/卷068.txt,含侍中,,日磾兩子，賞、建，俱侍中，與昭帝略同年，共卧起。,待审,,,
漢書,068,wiki,data/raw/漢書/卷068.txt,含侍中,,安上字子侯，少爲侍中，惇篤有智，宣帝愛之。,待审,,,
漢書,068,wiki,data/raw/漢書/卷068.txt,含侍中,,元帝爲太子時，敞爲中庶子，幸有寵，帝即位，爲騎都尉光祿大夫，中郎將侍中。,待审,,,
漢書,068,wiki,data/raw/漢書/卷068.txt,含侍中,,」）敞子涉本爲左曹，上拜涉爲侍中，使待幸綠車載送衞尉舍。,待审,,,
漢書,068,wiki,data/raw/漢書/卷068.txt,含侍中,,臨敞病困，拜子爲侍中，以此車送，欲敞見其榮寵也。,待审,,,
漢書,068,wiki,data/raw/漢書/卷068.txt,含侍中,,成帝時爲侍中騎都尉，領三輔胡越騎。,待审,,,
漢書,068,wiki,data/raw/漢書/卷068.txt,含侍中,,涉兩子，湯、融，皆侍中諸曹將大夫。,待审,,,
漢書,068,wiki,data/raw/漢書/卷068.txt,含侍中,,徙光祿大夫侍中，秩中二千石，封都成侯。,待审,,,
漢書,068,wiki,data/raw/漢書/卷068.txt,含侍中,,」）入說爲人後之誼，白令公卿、將軍、侍中、朝臣並聽，（注：師古曰：「白令皆聽之。,待审,,,
漢書,069,wiki,data/raw/漢書/卷069.txt,含侍中,,上乃拜侍中樂成侯許延壽爲強弩將軍，即拜酒泉太守武賢爲破羌將軍，賜璽書嘉納其冊。,待审,,,
漢書,070,wiki,data/raw/漢書/卷070.txt,含侍中,,」後皇太后同母弟苟參爲水衡都尉，死，子伋爲侍中，（注：師古曰：「伋音汲。,待审,,,
漢書,071,wiki,data/raw/漢書/卷071.txt,含侍中,,少時，耆酒多過失，年且三十，乃折節修行，以父任為侍中中郎將、長水校尉。,待审,,,
漢書,072,wiki,data/raw/漢書/卷072.txt,复合官名,曹,又欲令近臣自諸曹侍中以上，家亡得私販賣，與民爭利，犯者輒免官削爵，不得仕宦。,待审,,,
漢書,072,wiki,data/raw/漢書/卷072.txt,含侍中,,是時郡國地震，民訛言行籌，明年正月朔日蝕，上乃徵孔光，免孫寵、息夫躬，罷侍中諸曹黃門郎數十人。,待审,,,
漢書,072,wiki,data/raw/漢書/卷072.txt,含侍中,,侍中駙馬都尉董賢本無葭莩之親，但以令色諛言自進，賞賜亡度，竭盡府藏，并合三第尚以為小，復壞暴室。,待审,,,
漢書,075,wiki,data/raw/漢書/卷075.txt,含侍中,,時，平昌侯王臨以宣布外屬侍中，稱詔欲從奉學其術。,待审,,,
漢書,075,wiki,data/raw/漢書/卷075.txt,含侍中,,哀帝初即位，召尋待詔黃門，使侍中衛尉傅喜問尋曰：「間者水出地動，日月失度，星辰亂行，災異仍重，極言毋有所諱。,待审,,,
漢書,075,wiki,data/raw/漢書/卷075.txt,复合官名,,今朝廷忽於時月之令，諸侍中尚書近臣宜皆令通知月令之意，設群下請事；,待审,,,
漢書,077,wiki,data/raw/漢書/卷077.txt,含侍中,,劾奏衞將軍張安世子侍中陽都侯彭祖不下殿門，并連及安世居位無補。,待审,,,
漢書,077,wiki,data/raw/漢書/卷077.txt,含侍中,許,時侍中許章以外屬貴幸，奢淫不奉法度，賓客犯事，與章相連。,待审,,,
漢書,077,wiki,data/raw/漢書/卷077.txt,含侍中,許,-{豐}-案劾章，欲奏其事，適逢許侍中私出，-{豐}-駐車舉節詔章曰：「下！,待审,,,
漢書,077,wiki,data/raw/漢書/卷077.txt,含侍中,許,許侍中因得入宮門，自歸上。,待审,,,
漢書,077,wiki,data/raw/漢書/卷077.txt,含侍中,,侍中光祿大夫商，皇太太后父同產子，小自保大，恩義最親。,待审,,,
漢書,077,wiki,data/raw/漢書/卷077.txt,含侍中,,」時大臣皆失色，侍中奉車都尉甄邯即時承制罷議者。,待审,,,
漢書,077,wiki,data/raw/漢書/卷077.txt,含侍中,董,時侍中董賢方貴，上使中黃門發武庫兵，前後十輩，送董賢及上乳母王阿舍。,待审,,,
漢書,077,wiki,data/raw/漢書/卷077.txt,含侍中,王,初，邛成太后外家王氏貴，而侍中王林卿通輕俠，傾京師。,待审,,,
漢書,077,wiki,data/raw/漢書/卷077.txt,含侍中,,會日暮追及，收縛冠奴，奴曰：「我非侍中，奴耳。,待审,,,
漢書,077,wiki,data/raw/漢書/卷077.txt,含侍中,王,」叱吏斷頭持還，縣所剝鼓置都亭下，署曰：「故侍中王林卿坐殺人埋冢舍，使奴剝寺門鼓。,待审,,,
漢書,078,wiki,data/raw/漢書/卷078.txt,含侍中,,上聞之，使侍中成都侯金安上諭意曰：「所用皆更治民以考功。,待审,,,
漢書,078,wiki,data/raw/漢書/卷078.txt,含侍中,,」上以望之意輕丞相，乃下侍中建章衛尉金安上、光祿勳楊惲、御史中丞王忠，并詰問望之。,待审,,,
漢書,078,wiki,data/raw/漢書/卷078.txt,含侍中,,後丞相司直茇延壽奏：「侍中謁者良使丞制詔望之，望之再拜已。,待审,,,
漢書,078,wiki,data/raw/漢書/卷078.txt,含侍中,,及宣帝寢疾，選大臣可屬者，引外屬侍中樂陵侯史高、太子太傅望之、少傅周堪至禁中，拜高為大司馬車騎將軍，望之為前將軍光祿勳，堪為光祿大夫，皆受遺詔輔政，領尚書事。,待审,,,
漢書,078,wiki,data/raw/漢書/卷078.txt,含侍中,金,望之選白宗室明經達學散騎諫大夫劉更生給事中，與侍中金敞並拾遺左右。,待审,,,
漢書,078,wiki,data/raw/漢書/卷078.txt,含侍中,於,」於是侍中許章白見朋。,待审,,,
漢書,081,wiki,data/raw/漢書/卷081.txt,含侍中,,光與大司空師丹奏言：「詔書『侍中、駙馬都尉遷巧佞無義，漏洩不忠，國之賊也，免歸故郡。,待审,,,
漢書,081,wiki,data/raw/漢書/卷081.txt,含侍中,,」卒不得遣，復為侍中。,待审,,,
漢書,081,wiki,data/raw/漢書/卷081.txt,含侍中,,上乃知光前免非其罪，以過近臣毀短光者，復免傅嘉，曰：「前為侍中，毀譖仁賢，誣訴大臣，令俊艾者久失其位。,待审,,,
漢書,082,wiki,data/raw/漢書/卷082.txt,含侍中,,繇是擢爲諸曹、侍中、中郎將。,待审,,,
漢書,082,wiki,data/raw/漢書/卷082.txt,含侍中,,今商無尺寸之功，而有三世之寵，身位三公，宗族爲列侯、吏二千石、侍中諸曹，給事禁門內，連昏諸侯王，權寵至盛。,待审,,,
漢書,082,wiki,data/raw/漢書/卷082.txt,含侍中,,而商子弟親屬爲駙馬都尉、侍中、中常侍、諸曹大夫郎吏者，皆出補吏，莫得留給事宿衛者。,待审,,,
漢書,082,wiki,data/raw/漢書/卷082.txt,含侍中,,高侍中，貴幸，以發舉反者大司馬霍禹功封樂陵侯。,待审,,,
漢書,082,wiki,data/raw/漢書/卷082.txt,含侍中,馬,元帝即位，爲駙馬都尉侍中，出常驂乘，甚有寵。,待审,,,
漢書,082,wiki,data/raw/漢書/卷082.txt,含侍中,,是時，太子長舅陽平侯王鳳爲衛尉、侍中，與皇后、太子皆憂，不知所出。,待审,,,
漢書,082,wiki,data/raw/漢書/卷082.txt,含侍中,,有子男女二十人，九男皆以丹任並爲侍中、諸曹，親近在左右。,待审,,,
漢書,084,wiki,data/raw/漢書/卷084.txt,含侍中,,後數年，皇太后姊子侍中衛尉定陵侯淳于長有罪，上以太后故，免官勿治罪。,待审,,,
漢書,084,wiki,data/raw/漢書/卷084.txt,含侍中,王,復以邑弟侍中王奇為揚武將軍，城門將軍趙恢為彊弩將軍，中郎將李棽為厭難將軍，復將兵西。,待审,,,
漢書,085,wiki,data/raw/漢書/卷085.txt,含侍中,,語不可露，願具書所言，因侍中奏陛下，以示腹心大臣。,待审,,,
漢書,085,wiki,data/raw/漢書/卷085.txt,含侍中,,制書侍中駙馬都尉遷不忠巧佞，免歸故郡，間未旬月，則有詔還，大臣奏正其罰，卒不得遣，而反兼官奉使，顯寵過故。,待审,,,
漢書,086,wiki,data/raw/漢書/卷086.txt,含侍中,王,莽從弟成都侯王邑為侍中，矯稱太皇太后指白哀帝，為莽求特進給事中。,待审,,,
漢書,086,wiki,data/raw/漢書/卷086.txt,含侍中,董,是時，侍中董賢愛幸於上，上欲侯之而未有所緣，傅嘉勸上因東平事以封賢。,待审,,,
漢書,086,wiki,data/raw/漢書/卷086.txt,含侍中,,賴宗廟之靈，侍中駙馬都尉賢等發覺以聞，咸伏厥辜。,待审,,,
漢書,086,wiki,data/raw/漢書/卷086.txt,含侍中,,數月，復以光祿大夫給事中，由是為少府、光祿勳、侍中，甚見尊重。,待审,,,
漢書,086,wiki,data/raw/漢書/卷086.txt,含侍中,王,出侍中王邑、射聲校尉王邯等。,待审,,,
漢書,088,wiki,data/raw/漢書/卷088.txt,含侍中,,待詔黃門數入說教侍中，以召賀。,待审,,,
漢書,088,wiki,data/raw/漢書/卷088.txt,含侍中,,元帝即位，地餘侍中，貴幸，至少府。,待审,,,
漢書,088,wiki,data/raw/漢書/卷088.txt,含侍中,夏侯,宣帝即位，聞衛太子好《穀梁春秋》，以問丞相韋賢、長信少府夏侯勝及侍中樂陵侯史高，皆魯人也，言穀梁子本魯學，公羊氏乃齊學也，宜興《穀梁》。,待审,,,
漢書,088,wiki,data/raw/漢書/卷088.txt,含侍中,,時，光祿勳王龔以外屬內卿，與奉車都尉劉歆共校書，三人皆侍中。,待审,,,
漢書,089,wiki,data/raw/漢書/卷089.txt,含侍中,,」天子嘉納敞言，召上計吏，使侍中臨飭如敞指意。,待审,,,
漢書,089,wiki,data/raw/漢書/卷089.txt,含侍中,,又樂陵侯史高以外屬舊恩侍中貴重，霸薦高可太尉。,待审,,,
漢書,089,wiki,data/raw/漢書/卷089.txt,含侍中,,侍中樂陵侯高帷幄近臣，朕之所自親，君何越職而舉之？,待审,,,
漢書,092,wiki,data/raw/漢書/卷092.txt,含侍中,,為京兆尹門下督，從至殿中，侍中諸侯貴人爭欲揖章，莫與京兆尹言者。,待审,,,
漢書,093,wiki,data/raw/漢書/卷093.txt,含侍中,,故孝惠時，郎侍中皆冠鵔鸃，貝帶，傅脂粉，化閎、籍之屬也。,待审,,,
漢書,093,wiki,data/raw/漢書/卷093.txt,含侍中,,宣帝時，侍中中郎將張彭祖少與帝微時同席研書，及帝即尊位，彭祖以舊恩封陽都侯，出常參乘，號爲愛幸。,待审,,,
漢書,093,wiki,data/raw/漢書/卷093.txt,含侍中,,天子召見，欲以爲侍中，逡請間言事。,待审,,,
漢書,093,wiki,data/raw/漢書/卷093.txt,含侍中,,帝嘉長義，拜爲列校尉諸曹，遷水衡都尉侍中，至衛尉九卿。,待审,,,
漢書,093,wiki,data/raw/漢書/卷093.txt,含侍中,,歲餘，趙皇后得立，上甚德之，乃追顯長前功，下詔曰：「前將作大匠解萬年奏請營作昌陵，罷弊海內，侍中衛尉長數白宜止徙家反故處，朕以長言下公卿，議者皆合長計。,待审,,,
漢書,093,wiki,data/raw/漢書/卷093.txt,含侍中,,初，長爲侍中，奉兩宮使，親密。,待审,,,
漢書,093,wiki,data/raw/漢書/卷093.txt,含侍中,馬,賢寵愛日甚，爲駙馬都尉侍中，出則參乘，入御左右，旬月間賞賜累巨萬，貴震朝廷。,待审,,,
漢書,093,wiki,data/raw/漢書/卷093.txt,含侍中,,將軍從弟侍中奉車都尉吳、族父左曹屯騎校尉宣皆知宏及栩丹諸侯王后親，而宣除用丹爲御屬，吳與宏交通厚善，數稱薦宏。,待审,,,
漢書,093,wiki,data/raw/漢書/卷093.txt,含侍中,,董氏親屬皆侍中諸曹奉朝請，寵在丁、傅之右矣。,待审,,,
漢書,093,wiki,data/raw/漢書/卷093.txt,含侍中,,是時，成帝外家王氏衰廢，唯平阿侯譚子去疾，哀帝爲太子時爲庶子得幸，及即位，爲侍中、騎都尉。,待审,,,
漢書,093,wiki,data/raw/漢書/卷093.txt,含侍中,,後上置酒麒麟殿，賢父子親屬宴飲，王閎兄弟侍中、中常侍皆在側。,待审,,,
漢書,094下,wiki,data/raw/漢書/卷094下.txt,含侍中,,」詔書中郎將韓隆、王昌、副校尉甄阜、侍中謁者帛敞、長水校尉王歙使匈奴，告單于曰：「西域內屬，不當得受，今遣之。,待审,,,
漢書,095,wiki,data/raw/漢書/卷095.txt,含侍中,,左將軍素侍中，幸，將燕，代卒，悍，乘勝，軍多驕。,待审,,,
漢書,097上,wiki,data/raw/漢書/卷097上.txt,含侍中,,留侯子張辟彊為侍中，年十五，謂丞相陳平曰：「太后獨有帝，今哭而不悲，君知其解未？,待审,,,
漢書,097上,wiki,data/raw/漢書/卷097上.txt,含侍中,,召其兄衛長君、弟青侍中。,待审,,,
漢書,097上,wiki,data/raw/漢書/卷097上.txt,含侍中,,上以為忠，由是親近，為侍中，稍遷至太僕。,待审,,,
漢書,097下,wiki,data/raw/漢書/卷097下.txt,含侍中,于,太后姊子淳于長為侍中，數往來傳語，得太后指，上立封趙婕妤父臨為成陽侯。,待审,,,
漢書,097下,wiki,data/raw/漢書/卷097下.txt,含侍中,,哀帝既立，尊趙皇后為皇太后，封太后弟侍中駙馬都尉欽為新成侯。,待审,,,
漢書,097下,wiki,data/raw/漢書/卷097下.txt,含侍中,,鄭氏、傅氏侯者凡六人，大司馬二人，九卿二千石六人，侍中諸曹十餘人。,待审,,,
漢書,098,wiki,data/raw/漢書/卷098.txt,含侍中,,皇-{后}-使侍中杜輔、掖庭令濁賢交送政君太子宮，見丙殿。,待审,,,
漢書,098,wiki,data/raw/漢書/卷098.txt,含侍中,,長子鳳嗣侯，為衛尉侍中，皇-{后}-自有子後，希復進見。,待审,,,
漢書,098,wiki,data/raw/漢書/卷098.txt,复合官名,,時鳳在位，與皇-{后}-、太子同心憂懼，刺侍中史丹擁右太子，語在《丹傳》。,待审,,,
漢書,098,wiki,data/raw/漢書/卷098.txt,含侍中,,」以參為侍中水衡都尉。,待审,,,
漢書,098,wiki,data/raw/漢書/卷098.txt,含侍中,,王氏子弟皆卿、大夫、侍中、諸曹，分據勢官滿朝廷。,待审,,,
漢書,098,wiki,data/raw/漢書/卷098.txt,含侍中,,時太-{后}-從弟長樂衛尉弘子侍中音獨側聽，具知章言，以語鳳。,待审,,,
漢書,098,wiki,data/raw/漢書/卷098.txt,含侍中,,又以侍中太僕音為御史大夫，列於三公。,待审,,,
漢書,098,wiki,data/raw/漢書/卷098.txt,含侍中,,子舜嗣侯，為太僕侍中。,待审,,,
漢書,098,wiki,data/raw/漢書/卷098.txt,含侍中,,先是，定陵侯淳于長以外屬能謀議，為衛尉侍中，在輔政之次。,待审,,,
漢書,098,wiki,data/raw/漢書/卷098.txt,含侍中,,故曲陽侯根薦莽以自代，上亦以為莽有忠直節，遂擢莽從侍中騎都尉光祿大夫為大司馬。,待审,,,
漢書,098,wiki,data/raw/漢書/卷098.txt,含侍中,,侍中太僕安陽侯舜往時護太子家，導朕，忠誠專一，有舊恩。,待审,,,
漢書,098,wiki,data/raw/漢書/卷098.txt,含侍中,,及根兄子成都侯況幸得以外親繼父為列侯侍中，不思報厚恩，亦聘取故掖庭貴人以為妻，皆無人臣禮，大不敬不道。,待审,,,
漢書,099上,wiki,data/raw/漢書/卷099上.txt,含侍中,金,久之，叔父成都侯商上書，願分戶邑以封莽，及長樂少府戴崇、侍中金涉、胡騎校尉箕閎、上谷都尉陽並、中郎陳湯，皆當世名士，咸為莽言，上由是賢莽。,待审,,,
漢書,099上,wiki,data/raw/漢書/卷099上.txt,含侍中,,遷騎都尉光祿大夫侍中，宿衛謹敕，爵位益尊，節操愈謙。,待审,,,
漢書,099上,wiki,data/raw/漢書/卷099上.txt,含侍中,,莽以大司徒孔光名儒，相三主，太后所敬，天下信之，於是盛尊事光，引光女婿甄邯為侍中奉車都尉。,待审,,,
漢書,099上,wiki,data/raw/漢書/卷099上.txt,含侍中,,侍中奉車都尉邯宿衛勤勞，建議定策，封邯為承陽侯，食邑二千四百戶。,待审,,,
漢書,099上,wiki,data/raw/漢書/卷099上.txt,含侍中,,及為侍中，故定陵侯淳于長有大逆罪，公不敢私，建白誅討。,待审,,,
漢書,099下,wiki,data/raw/漢書/卷099下.txt,含侍中,,司徒王尋、大司空王邑持節，及侍中常侍執法杜林等數十人將作。,待审,,,
漢書,099下,wiki,data/raw/漢書/卷099下.txt,含侍中,,使侍中票騎將軍同說侯林賜魂衣璽韍，策書曰：「符命文立臨為統義陽王，此言新室即位三萬六千歲後，為臨之後者乃當龍陽而起。,待审,,,
漢書,099下,wiki,data/raw/漢書/卷099下.txt,含侍中,,莽以王況讖言荊楚當興，李氏為輔，欲厭之，乃拜侍中掌牧大夫李棽為大將軍、揚州牧，賜名聖，使將兵奮擊。,待审,,,
漢書,099下,wiki,data/raw/漢書/卷099下.txt,含侍中,,因賜治廟者司徒、大司空錢各千萬，侍中、中常侍以下皆封。,待审,,,
漢書,099下,wiki,data/raw/漢書/卷099下.txt,含侍中,,封皇后父諶為和平侯，拜為寧始將軍，諶子二人皆侍中。,待审,,,
漢書,099下,wiki,data/raw/漢書/卷099下.txt,含侍中,,」伊休侯者，歆長子也，為侍中五官中郎將，莽素愛之。,待审,,,
漢書,099下,wiki,data/raw/漢書/卷099下.txt,含侍中,王,中黃門各拔刃將忠等送廬，忠拔劍欲自刎，侍中王望傳言大司馬反，黃門持劍共格殺之。,待审,,,
漢書,099下,wiki,data/raw/漢書/卷099下.txt,含侍中,,伊休侯疊又以素謹，歆訖不告，但免侍中中郎將，更為中散大夫。,待审,,,
漢書,099下,wiki,data/raw/漢書/卷099下.txt,含侍中,,莽就車，之漸臺，欲阻池水，猶抱持符命、威斗，公卿大夫、侍中、黃門郎從官尚千餘人隨之。,待审,,,
漢書,099下,wiki,data/raw/漢書/卷099下.txt,含侍中,,王邑晝夜戰，罷極，士死傷略盡，馳入宮，間關至漸臺，見其子侍中睦解衣冠欲逃，邑叱之令還，父子共守莽。,待审,,,
漢書,099,wiki,data/raw/漢書/卷099中.txt,含侍中,,是日，封拜卿大夫、侍中、尚書官凡數百人。,待审,,,
漢書,099,wiki,data/raw/漢書/卷099中.txt,含侍中,,時子尋為侍中京兆大尹茂德侯，即作符命，言新室當分陝，立二伯，以豐為右伯，太傅平晏為左伯，如周召故事。,待审,,,
漢書,099,wiki,data/raw/漢書/卷099中.txt,含侍中,,尋隨方士入華山，歲餘捕得，辭連國師公歆子侍中東通靈將、五司大夫隆威侯棻，棻弟右曹長水校尉伐虜侯泳，大司空邑弟左,待审,,,
漢書,099,wiki,data/raw/漢書/卷099中.txt,含侍中,,闕將軍堂威侯奇，及歆門人侍中騎都尉丁隆等，牽引公卿黨親列侯以下，死者數百人。,待审,,,
漢書,099,wiki,data/raw/漢書/卷099中.txt,含侍中,,又置師友祭酒及侍中、諫議、六經祭酒各一人，凡九祭酒，秩上卿。,待审,,,
漢書,099,wiki,data/raw/漢書/卷099中.txt,含侍中,,寧始將軍姚恂免，侍中崇祿侯孔永為寧始將軍。,待审,,,
漢書,099,wiki,data/raw/漢書/卷099中.txt,含侍中,,大司馬甄邯死，寧始將軍孔永為大司馬，侍中大贅侯輔為寧始將軍。,待审,,,
漢書,099,wiki,data/raw/漢書/卷099中.txt,含侍中,,定諸國邑采之處，使侍中講禮大夫孔秉等與州部眾郡曉知地理圖籍者，共校治于壽成朱鳥堂。,待审,,,
漢書,099,wiki,data/raw/漢書/卷099中.txt,含侍中,,太傅平晏勿領尚書事，省侍中諸曹兼官者。,待审,,,
漢書,100上,wiki,data/raw/漢書/卷100上.txt,含侍中,,上遣侍中中郎將王舜馳傳代伯護單于，并奉璽書印綬，即拜伯為定襄太守。,待审,,,
漢書,100上,wiki,data/raw/漢書/卷100上.txt,含侍中,,道病中風，既至，以侍中光祿大夫養病，賞賜甚厚，數年未能起。,待审,,,
漢書,100上,wiki,data/raw/漢書/卷100上.txt,含侍中,李,入侍禁中，設宴飲之會，及趙、李諸侍中皆引滿舉白，談笑大噱。,待审,,,
漢書,100上,wiki,data/raw/漢書/卷100上.txt,含侍中,班,後上朝東宮，太后泣曰：「帝間顏色瘦黑，班侍中本大將軍所舉，宜寵異之，益求其比，以輔聖德。,待审,,,
漢書,100上,wiki,data/raw/漢書/卷100上.txt,含侍中,,」是時許商為少府，師丹為光祿勳，上於是引商、丹入為光祿大夫，伯遷水衡都尉，與兩師並侍中，皆秩中二千石。,待审,,,
漢書,100下,wiki,data/raw/漢書/卷100下.txt,含侍中,王,」晉灼曰：「何並斬侍中王林卿奴，是立志也。,待审,,,
金石錄,020,wiki,data/raw/金石錄/卷020.txt,含侍中,,右偽漢劉雄碑其額題漢故使持莭侍中太宰司徒公右¶,待审,,,
金石錄,021,wiki,data/raw/金石錄/卷021.txt,含侍中,,丘穆陵氏後改為穆氏今此碑自侍中丘目陵亮以下同¶,待审,,,
金石錄,022,wiki,data/raw/金石錄/卷022.txt,含侍中,,右北齊冝陽國太妃傅氏碑其額題故女侍中宜陽國貞¶,待审,,,
金石錄,022,wiki,data/raw/金石錄/卷022.txt,含侍中,,魏置女侍中視二品然本後宫嬪御之軄今以宰相母為¶,待审,,,
金石錄,023,wiki,data/raw/金石錄/卷023.txt,含侍中,,授左庶子而碑作右庻子傳言為檢校侍中攝吏部尚書¶,待审,,,
金石錄,023,wiki,data/raw/金石錄/卷023.txt,含侍中,,而碑作躡侍中吏部尚書傳云其祖名杲而碑所書乃名¶,待审,,,
金石錄,023,wiki,data/raw/金石錄/卷023.txt,含侍中,,及𧺫居注又侍中傳皆不載其卒也傳云贈小宗伯而碑¶,待审,,,
金石錄,024,wiki,data/raw/金石錄/卷024.txt,含侍中,,部尚書而史皆不載史云自侍中拜尚書左僕射同中門¶,待审,,,
金石錄,025,wiki,data/raw/金石錄/卷025.txt,含侍中,吴,十四丗祖潜吴侍中生晋豫章太守竺竺生大尚書冲冲¶,待审,,,
金石錄,025,wiki,data/raw/金石錄/卷025.txt,含侍中,梁,曅生齊散騎常侍珮珮生梁侍中休源休源生陳黄門¶,待审,,,
隸續,016,wiki,data/raw/隸續/卷016.txt,含侍中,,(上闕/一人)司徒臣(姓名/闕)安漢將軍(下闕又/闕五人)侍中臣(闕/)立侍中¶,待审,,,
隸續,016,wiki,data/raw/隸續/卷016.txt,含侍中,,(上闕/六人)侍中臣(闕/)立侍中(下/闕)尚書(下闕又/闕二字)光禄大夫臣(姓/名)¶,待审,,,
隸續,016,wiki,data/raw/隸續/卷016.txt,含侍中,,辨者侍中二人司徒尚書五官中郎將太中中散大¶,待审,,,
隸續,016,wiki,data/raw/隸續/卷016.txt,含侍中,,可辨者侍中議郎從事史中郎將數十人兩碑俱有¶,待审,,,
隸續,020,wiki,data/raw/隸續/卷020.txt,含侍中,楊,侍中楊文父神道¶,待审,,,
隸續,020,wiki,data/raw/隸續/卷020.txt,含侍中,楊,漢楊侍中文父之神道¶,待审,,,
隸續,020,wiki,data/raw/隸續/卷020.txt,含侍中,楊,右侍中楊文父神道字體格與馮幽州闕相似必西¶,待审,,,
隸釋,006,wiki,data/raw/隸釋/卷006.txt,复合官名,,次竝&KR0935;髙聲處卿校侍中尚書㨿州典郡&KR0263;可朦載¶,待审,,,
隸釋,009,wiki,data/raw/隸釋/卷009.txt,含侍中,,儒學者之宗可許之詔聽以侍中行服後其子焉¶,待审,,,
隸釋,011,wiki,data/raw/隸釋/卷011.txt,含侍中,,司徒長史入登侍中宣　顧問延熹八年地震有詔¶,待审,,,
隸釋,011,wiki,data/raw/隸釋/卷011.txt,含侍中,,異自侍中轉拜尚書遷東海相南陽太守後碑亦¶,待审,,,
隸釋,011,wiki,data/raw/隸釋/卷011.txt,含侍中,,(字)有道徴(字闕五)長史侍中延熹八年地震為異聖朝¶,待审,,,
隸釋,011,wiki,data/raw/隸釋/卷011.txt,含侍中,,大夫勸講亐華光之内遷侍中　騎校尉宗正光禄¶,待审,,,
隸釋,019,wiki,data/raw/隸釋/卷019.txt,含侍中,,玄之賦爰登侍中則黨言允諧出相河間則黎民時¶,待审,,,
隸釋,020,wiki,data/raw/隸釋/卷020.txt,含侍中,司馬,長水校尉曹君之碑歴太中大夫司馬長史侍中遷¶,待审,,,
隸釋,020,wiki,data/raw/隸釋/卷020.txt,含侍中,,試博士大常丞以明氣候擢拜侍中右中郎將遷九¶,待审,,,
隸釋,021,wiki,data/raw/隸釋/卷021.txt,含侍中,孫,又云震長子牧富波相牧孫竒侍中竒子亮陽成亭¶,待审,,,
隸釋,021,wiki,data/raw/隸釋/卷021.txt,含侍中,,拜太中大夫復拜侍中屯騎校尉宗正光禄勲遂授¶,待审,,,
隸釋,021,wiki,data/raw/隸釋/卷021.txt,含侍中,,太尉傳至太中大夫始云遷侍中其前自長史入登¶,待审,,,
隸釋,021,wiki,data/raw/隸釋/卷021.txt,复合官名,,侍中史闕書也碑又云固疾遜位拜光禄大夫遷衛¶,待审,,,
隸釋,022,wiki,data/raw/隸釋/卷022.txt,含侍中,劉,辭讓徃反三四而後受也又㩀侍中劉廙奏問太史¶,待审,,,
隸釋,027,wiki,data/raw/隸釋/卷027.txt,含侍中,王,漢侍中王逸碑(南三里在宜城縣)¶,待审,,,
集古錄,002,wiki,data/raw/集古錄/卷002.txt,含侍中,,士未嘗拜也碑於長史下遂云入登侍中延熹八年地¶,待审,,,
集古錄,002,wiki,data/raw/集古錄/卷002.txt,含侍中,,侍中屯騎尉宗正光禄勲遂授太尉傳至太中大夫始¶,待审,,,
集古錄,002,wiki,data/raw/集古錄/卷002.txt,复合官名,,云遷侍中其前自長史入登侍中史闕書也碑又云固¶,待审,,,
集古錄,002,wiki,data/raw/集古錄/卷002.txt,含侍中,孫,云震長子牧富波相牧孫竒侍中竒子亮陽城亭侯又¶,待审,,,
集古錄,004,wiki,data/raw/集古錄/卷004.txt,含侍中,劉,辭讓往返三四而後受也又據侍中劉廙奏問太史令¶,待审,,,
集古錄,004,wiki,data/raw/集古錄/卷004.txt,含侍中,,書侍郎史之闕也按南齊書劉悛為長兼侍中後魏臨¶,待审,,,
集古錄,004,wiki,data/raw/集古錄/卷004.txt,含侍中,,而傳不書朓為侍郎也按齊書劉悛為長兼侍中魏¶,待审,,,
